_parent_table_path,_parent_table_name,_parent_record_index,_index,BCCS,BCLS,CBST,HBST,LBST,QBCS,QBSS,QBTS,WRST,_compressed_header,_subrecord_header,_subRecord,_parent_header,_main_header
BLOB,BLOB,0,137,0,0,0,0,0,0,0,0,0,8e886e03,8e886e03,"{""_index"":0,""BCLS"":7,""WRST"":9}",8e8da903,0
BLOB,BLOB,0,141,0,0,0,0,0,0,0,0,0,8e886e03,8e886e03,"{""_index"":0,""QBCS"":6,""QBSS"":15,""QBTS"":31}",8e8da903,0
BLOB,BLOB,0,146,0,0,0,0,0,0,0,0,0,8e886e03,8e886e03,"{""_index"":0,""QBCS"":1,""QBSS"":11,""QBTS"":14}",8e8da903,0
BLOB,BLOB,0,155,0,0,0,0,0,0,0,0,0,8e886e03,8e886e03,"{""_index"":0,""QBCS"":1,""QBSS"":23,""QBTS"":7}",8e8da903,0
BLOB,BLOB,0,170,0,0,0,0,0,0,0,0,0,8e886e03,8e886e03,"{""_index"":0,""WRST"":6}",8e8da903,0
BLOB,BLOB,0,175,0,0,0,0,0,0,0,0,0,8e886e03,8e886e03,"{""_index"":0,""BCLS"":10,""HBST"":1}",8e8da903,0
BLOB,BLOB,0,180,0,0,0,0,0,0,0,0,0,8e886e03,8e886e03,0,0,f4000200
BLOB,BLOB,0,187,0,0,0,0,0,0,0,0,0,8e886e03,8e886e03,"{""_index"":0,""QBTS"":5}",8e8da903,0
BLOB,BLOB,0,329,0,0,0,0,0,0,0,0,0,8e886e03,8e886e03,"{""_index"":0,""BCLS"":10,""HBST"":4}",8e8da903,0
BLOB,BLOB,0,345,0,0,0,0,0,0,0,0,0,8e886e03,8e886e03,"{""_index"":0,""BCCS"":1,""HBST"":3}",8e8da903,0
BLOB,BLOB,0,358,0,0,0,0,0,0,0,0,0,8e886e03,8e886e03,"{""_index"":0,""BCLS"":10,""WRST"":6}",8e8da903,0
BLOB,BLOB,0,376,0,0,0,0,0,0,0,0,0,8e886e03,8e886e03,0,0,f4000100
BLOB,BLOB,0,526,0,0,0,0,0,0,0,0,0,8e886e03,8e886e03,"{""_index"":0,""WRST"":4}",8e8da903,0
BLOB,BLOB,0,550,0,0,0,0,0,0,0,0,0,8e886e03,8e886e03,"{""_index"":0,""QBCS"":2,""QBSS"":24,""QBTS"":41}",8e8da903,0
BLOB,BLOB,0,552,0,0,0,0,0,0,0,0,0,8e886e03,8e886e03,"{""_index"":0,""BCLS"":7,""WRST"":11}",8e8da903,0
BLOB,BLOB,0,635,0,0,0,0,0,0,0,0,0,8e886e03,8e886e03,"{""_index"":0,""WRST"":6}",8e8da903,0
BLOB,BLOB,0,646,0,0,0,0,0,0,0,0,0,8e886e03,8e886e03,"{""_index"":0,""HBST"":4}",8e8da903,0
BLOB,BLOB,0,655,0,0,0,0,0,0,0,0,0,8e886e03,8e886e03,"{""_index"":0,""WRST"":6}",8e8da903,0
BLOB,BLOB,0,693,0,0,0,0,0,0,0,0,0,8e886e03,8e886e03,"{""_index"":0,""QBCS"":6,""QBSS"":24,""QBTS"":35}",8e8da903,0
BLOB,BLOB,0,707,0,0,0,0,0,0,0,0,0,8e886e03,8e886e03,"{""_index"":0,""HBST"":3}",8e8da903,0
BLOB,BLOB,0,725,0,0,0,0,0,0,0,0,0,8e886e03,8e886e03,"{""_index"":0,""HBST"":1}",8e8da903,0
BLOB,BLOB,0,733,0,0,0,0,0,0,0,0,0,8e886e03,8e886e03,"{""_index"":0,""WRST"":9}",8e8da903,0
BLOB,BLOB,0,758,0,0,0,0,0,0,0,0,0,8e886e03,8e886e03,"{""_index"":0,""HBST"":1}",8e8da903,0
BLOB,BLOB,0,975,0,0,0,0,0,0,0,0,0,8e886e03,8e886e03,"{""_index"":0,""QBCS"":8,""QBSS"":14,""QBTS"":35}",8e8da903,0
BLOB,BLOB,0,981,0,0,0,0,0,0,0,0,0,8e886e03,8e886e03,"{""_index"":0,""WRST"":7}",8e8da903,0
BLOB,BLOB,0,988,0,0,0,0,0,0,0,0,0,8e886e03,8e886e03,"{""_index"":0,""WRST"":6}",8e8da903,0
BLOB,BLOB,0,989,0,0,0,0,0,0,0,0,0,8e886e03,8e886e03,"{""_index"":0,""HBST"":1}",8e8da903,0
BLOB,BLOB,0,1066,0,0,0,0,0,0,0,0,0,8e886e03,8e886e03,"{""_index"":0,""WRST"":6}",8e8da903,0
BLOB,BLOB,0,1073,0,0,0,0,0,0,0,0,0,8e886e03,8e886e03,"{""_index"":0,""QBCS"":1,""QBSS"":2,""QBTS"":21}",8e8da903,0
BLOB,BLOB,0,1090,0,0,0,0,0,0,0,0,0,8e886e03,8e886e03,0,0,f4000200
BLOB,BLOB,0,1104,0,0,0,0,0,0,0,0,0,8e886e03,8e886e03,"{""_index"":0,""WRST"":1}",8e8da903,0
BLOB,BLOB,0,1160,0,0,0,0,0,0,0,0,0,8e886e03,8e886e03,"{""_index"":0,""HBST"":4}",8e8da903,0
BLOB,BLOB,0,1164,0,0,0,0,0,0,0,0,0,8e886e03,8e886e03,"{""_index"":0,""BCLS"":7,""WRST"":6}",8e8da903,0
BLOB,BLOB,0,1197,0,0,0,0,0,0,0,0,0,8e886e03,8e886e03,"{""_index"":0,""BCLS"":10,""HBST"":1}",8e8da903,0
BLOB,BLOB,0,1211,0,0,0,0,0,0,0,0,0,8e886e03,8e886e03,"{""_index"":0,""BCLS"":7,""WRST"":6}",8e8da903,0
BLOB,BLOB,0,1223,0,0,0,0,0,0,0,0,0,8e886e03,8e886e03,"{""_index"":0,""QBCS"":1,""QBSS"":15,""QBTS"":19}",8e8da903,0
BLOB,BLOB,0,1238,0,0,0,0,0,0,0,0,0,8e886e03,8e886e03,"{""_index"":0,""HBST"":3}",8e8da903,0
BLOB,BLOB,0,1364,0,0,0,0,0,0,0,0,0,8e886e03,8e886e03,0,0,f4000400
BLOB,BLOB,0,1547,0,0,0,0,0,0,0,0,0,8e886e03,8e886e03,"{""_index"":0,""WRST"":11}",8e8da903,0
BLOB,BLOB,0,1565,0,0,0,0,0,0,0,0,0,8e886e03,8e886e03,"{""_index"":0,""WRST"":6}",8e8da903,0
BLOB,BLOB,0,1585,0,0,0,0,0,0,0,0,0,8e886e03,8e886e03,0,0,f4000400
BLOB,BLOB,0,1589,0,0,0,0,0,0,0,0,0,8e886e03,8e886e03,"{""_index"":0,""QBCS"":1,""QBSS"":24,""QBTS"":21}",8e8da903,0
BLOB,BLOB,0,1617,0,0,0,0,0,0,0,0,0,8e886e03,8e886e03,"{""_index"":0,""WRST"":6}",8e8da903,0
BLOB,BLOB,0,1619,0,0,0,0,0,0,0,0,0,8e886e03,8e886e03,"{""_index"":0,""QBCS"":9,""QBSS"":23,""QBTS"":25}",8e8da903,0
BLOB,BLOB,0,1684,0,0,0,0,0,0,0,0,0,8e886e03,8e886e03,"{""_index"":0,""WRST"":16}",8e8da903,0
BLOB,BLOB,0,1695,0,0,0,0,0,0,0,0,0,8e886e03,8e886e03,"{""_index"":0,""QBCS"":3,""QBSS"":24,""QBTS"":38}",8e8da903,0
BLOB,BLOB,0,1739,0,0,0,0,0,0,0,0,0,8e886e03,8e886e03,0,0,f4000400
BLOB,BLOB,0,1756,0,0,0,0,0,0,0,0,0,8e886e03,8e886e03,0,0,f4000400
BLOB,BLOB,0,1762,0,0,0,0,0,0,0,0,0,8e886e03,8e886e03,"{""_index"":0,""BCLS"":10,""HBST"":4}",8e8da903,0
BLOB,BLOB,0,1773,0,0,0,0,0,0,0,0,0,8e886e03,8e886e03,"{""_index"":0,""WRST"":2}",8e8da903,0
BLOB,BLOB,0,1797,0,0,0,0,0,0,0,0,0,8e886e03,8e886e03,"{""_index"":0,""QBCS"":6,""QBSS"":6,""QBTS"":20}",8e8da903,0
BLOB,BLOB,0,1805,0,0,0,0,0,0,0,0,0,8e886e03,8e886e03,"{""_index"":0,""QBCS"":8,""QBSS"":10,""QBTS"":25}",8e8da903,0
BLOB,BLOB,0,1959,0,0,0,0,0,0,0,0,0,8e886e03,8e886e03,"{""_index"":0,""WRST"":6}",8e8da903,0
BLOB,BLOB,0,2099,0,0,0,0,0,0,0,0,0,8e886e03,8e886e03,0,0,f4000100
BLOB,BLOB,0,2239,0,0,0,0,0,0,0,0,0,8e886e03,8e886e03,0,0,f4000200
BLOB,BLOB,0,2302,0,0,0,0,0,0,0,0,0,8e886e03,8e886e03,"{""_index"":0,""WRST"":6}",8e8da903,0
BLOB,BLOB,0,2546,0,0,0,0,0,0,0,0,0,8e886e03,8e886e03,"{""_index"":0,""WRST"":16}",8e8da903,0
BLOB,BLOB,0,2555,0,0,0,0,0,0,0,0,0,8e886e03,8e886e03,0,0,f4000100
BLOB,BLOB,0,2883,0,0,0,0,0,0,0,0,0,8e886e03,8e886e03,"{""_index"":0,""BCLS"":7,""WRST"":11}",8e8da903,0
BLOB,BLOB,0,3012,0,0,0,0,0,0,0,0,0,8e886e03,8e886e03,"{""_index"":0,""QBCS"":1,""QBSS"":11,""QBTS"":18}",8e8da903,0
BLOB,BLOB,0,3051,0,0,0,0,0,0,0,0,0,8e886e03,8e886e03,"{""_index"":0,""BCLS"":10,""WRST"":6}",8e8da903,0
BLOB,BLOB,0,3232,0,0,0,0,0,0,0,0,0,8e886e03,8e886e03,"{""_index"":0,""QBCS"":2,""QBSS"":13,""QBTS"":42}",8e8da903,0
BLOB,BLOB,0,3257,0,0,0,0,0,0,0,0,0,8e886e03,8e886e03,0,0,f4000100
BLOB,BLOB,0,3273,0,0,0,0,0,0,0,0,0,8e886e03,8e886e03,"{""_index"":0,""WRST"":7}",8e8da903,0
BLOB,BLOB,0,3375,0,0,0,0,0,0,0,0,0,8e886e03,8e886e03,"{""_index"":0,""QBCS"":9,""QBSS"":24,""QBTS"":12}",8e8da903,0
BLOB,BLOB,0,3389,0,0,0,0,0,0,0,0,0,8e886e03,8e886e03,"{""_index"":0,""QBCS"":7,""QBSS"":15,""QBTS"":41}",8e8da903,0
BLOB,BLOB,0,3390,0,0,0,0,0,0,0,0,0,8e886e03,8e886e03,0,0,f4000100
BLOB,BLOB,0,3481,0,0,0,0,0,0,0,0,0,8e886e03,8e886e03,"{""_index"":0,""WRST"":2}",8e8da903,0
BLOB,BLOB,0,3487,0,0,0,0,0,0,0,0,0,8e886e03,8e886e03,"{""_index"":0,""QBCS"":9,""QBSS"":18,""QBTS"":41}",8e8da903,0
BLOB,BLOB,0,3492,0,0,0,0,0,0,0,0,0,8e886e03,8e886e03,"{""_index"":0,""WRST"":11}",8e8da903,0
BLOB,BLOB,0,3520,0,0,0,0,0,0,0,0,0,8e886e03,8e886e03,"{""_index"":0,""QBCS"":7,""QBSS"":3,""QBTS"":20}",8e8da903,0
BLOB,BLOB,0,3548,0,0,0,0,0,0,0,0,0,8e886e03,8e886e03,"{""_index"":0,""WRST"":6}",8e8da903,0
BLOB,BLOB,0,3554,0,0,0,0,0,0,0,0,0,8e886e03,8e886e03,"{""_index"":0,""BCCS"":2,""HBST"":1}",8e8da903,0
BLOB,BLOB,0,3765,0,0,0,0,0,0,0,0,0,8e886e03,8e886e03,"{""_index"":0,""WRST"":6}",8e8da903,0
BLOB,BLOB,0,3930,0,0,0,0,0,0,0,0,0,8e886e03,8e886e03,"{""_index"":0,""WRST"":11}",8e8da903,0
BLOB,BLOB,0,3947,0,0,0,0,0,0,0,0,0,8e886e03,8e886e03,"{""_index"":0,""WRST"":16}",8e8da903,0
BLOB,BLOB,0,3985,0,0,0,0,0,0,0,0,0,8e886e03,8e886e03,"{""_index"":0,""HBST"":1}",8e8da903,0
BLOB,BLOB,0,3995,0,0,0,0,0,0,0,0,0,8e886e03,8e886e03,"{""_index"":0,""QBCS"":3,""QBSS"":10,""QBTS"":41}",8e8da903,0
BLOB,BLOB,0,3998,0,0,0,0,0,0,0,0,0,8e886e03,8e886e03,"{""_index"":0,""BCLS"":6,""HBST"":1}",8e8da903,0
BLOB,BLOB,0,3999,0,0,0,0,0,0,0,0,0,8e886e03,8e886e03,"{""_index"":0,""QBCS"":10,""QBSS"":14,""QBTS"":30}",8e8da903,0
BLOB,BLOB,0,4002,0,0,0,0,0,0,0,0,0,8e886e03,8e886e03,0,0,f4000400
BLOB,BLOB,0,4056,0,0,0,0,0,0,0,0,0,8e886e03,8e886e03,"{""_index"":0,""QBCS"":5,""QBSS"":4,""QBTS"":30}",8e8da903,0
BLOB,BLOB,0,4059,0,0,0,0,0,0,0,0,0,8e886e03,8e886e03,"{""_index"":0,""QBCS"":6,""QBSS"":24,""QBTS"":40}",8e8da903,0
BLOB,BLOB,0,4069,0,0,0,0,0,0,0,0,0,8e886e03,8e886e03,"{""_index"":0,""WRST"":6}",8e8da903,0
BLOB,BLOB,0,4072,0,0,0,0,0,0,0,0,0,8e886e03,8e886e03,"{""_index"":0,""WRST"":13}",8e8da903,0
BLOB,BLOB,0,4095,0,0,0,0,0,0,0,0,0,8e886e03,8e886e03,"{""_index"":0,""HBST"":3}",8e8da903,0
BLOB,BLOB,0,4126,0,0,0,0,0,0,0,0,0,8e886e03,8e886e03,"{""_index"":0,""WRST"":9}",8e8da903,0
BLOB,BLOB,0,4131,0,0,0,0,0,0,0,0,0,8e886e03,8e886e03,"{""_index"":0,""WRST"":9}",8e8da903,0
BLOB,BLOB,0,4136,0,0,0,0,0,0,0,0,0,8e886e03,8e886e03,"{""_index"":0,""QBCS"":10,""QBSS"":3,""QBTS"":20}",8e8da903,0
BLOB,BLOB,0,4208,0,0,0,0,0,0,0,0,0,8e886e03,8e886e03,"{""_index"":0,""BCLS"":10,""WRST"":6}",8e8da903,0
BLOB,BLOB,0,4291,0,0,0,0,0,0,0,0,0,8e886e03,8e886e03,"{""_index"":0,""WRST"":6}",8e8da903,0
BLOB,BLOB,0,4336,0,0,0,0,0,0,0,0,0,8e886e03,8e886e03,"{""_index"":0,""HBST"":1}",8e8da903,0
BLOB,BLOB,0,4507,0,0,0,0,0,0,0,0,0,8e886e03,8e886e03,"{""_index"":0,""BCLS"":4,""HBST"":1}",8e8da903,0
BLOB,BLOB,0,4677,0,0,0,0,0,0,0,0,0,8e886e03,8e886e03,"{""_index"":0,""WRST"":6}",8e8da903,0
BLOB,BLOB,0,4695,0,0,0,0,0,0,0,0,0,8e886e03,8e886e03,"{""_index"":0,""QBCS"":1,""QBSS"":14}",8e8da903,0
BLOB,BLOB,0,4880,0,0,0,0,0,0,0,0,0,8e886e03,8e886e03,"{""_index"":0,""HBST"":4}",8e8da903,0
BLOB,BLOB,0,5565,0,0,0,0,0,0,0,0,0,8e886e03,8e886e03,"{""_index"":0,""BCLS"":7,""WRST"":11}",8e8da903,0
BLOB,BLOB,0,5601,0,0,0,0,0,0,0,0,0,8e886e03,8e886e03,"{""_index"":0,""BCLS"":10,""WRST"":16}",8e8da903,0
BLOB,BLOB,0,5613,0,0,0,0,0,0,0,0,0,8e886e03,8e886e03,"{""_index"":0,""HBST"":1}",8e8da903,0
BLOB,BLOB,0,5624,0,0,0,0,0,0,0,0,0,8e886e03,8e886e03,"{""_index"":0,""QBCS"":10,""QBSS"":24,""QBTS"":36}",8e8da903,0
BLOB,BLOB,0,5629,0,0,0,0,0,0,0,0,0,8e886e03,8e886e03,"{""_index"":0,""QBCS"":3,""QBSS"":12,""QBTS"":40}",8e8da903,0
BLOB,BLOB,0,5679,0,0,0,0,0,0,0,0,0,8e886e03,8e886e03,"{""_index"":0,""QBCS"":8,""QBSS"":6,""QBTS"":23}",8e8da903,0
BLOB,BLOB,0,5702,0,0,0,0,0,0,0,0,0,8e886e03,8e886e03,"{""_index"":0,""BCCS"":1,""BCLS"":3,""HBST"":1}",8e8da903,0
BLOB,BLOB,0,5756,0,0,0,0,0,0,0,0,0,8e886e03,8e886e03,"{""_index"":0,""WRST"":9}",8e8da903,0
BLOB,BLOB,0,5770,0,0,0,0,0,0,0,0,0,8e886e03,8e886e03,"{""_index"":0,""HBST"":3}",8e8da903,0
BLOB,BLOB,0,5772,0,0,0,0,0,0,0,0,0,8e886e03,8e886e03,"{""_index"":0,""HBST"":1}",8e8da903,0
BLOB,BLOB,0,5807,0,0,0,0,0,0,0,0,0,8e886e03,8e886e03,"{""_index"":0,""BCLS"":6,""HBST"":1}",8e8da903,0
BLOB,BLOB,0,5820,0,0,0,0,0,0,0,0,0,8e886e03,8e886e03,"{""_index"":0,""HBST"":1}",8e8da903,0
BLOB,BLOB,0,5822,0,0,0,0,0,0,0,0,0,8e886e03,8e886e03,"{""_index"":0,""HBST"":1}",8e8da903,0
BLOB,BLOB,0,5855,0,0,0,0,0,0,0,0,0,8e886e03,8e886e03,"{""_index"":0,""WRST"":9}",8e8da903,0
BLOB,BLOB,0,5959,0,0,0,0,0,0,0,0,0,8e886e03,8e886e03,"{""_index"":0,""WRST"":2}",8e8da903,0
BLOB,BLOB,0,5976,0,0,0,0,0,0,0,0,0,8e886e03,8e886e03,"{""_index"":0,""LBST"":5}",8e8da903,0
BLOB,BLOB,0,5982,0,0,0,0,0,0,0,0,0,8e886e03,8e886e03,"{""_index"":0,""WRST"":16}",8e8da903,0
BLOB,BLOB,0,5996,0,0,0,0,0,0,0,0,0,8e886e03,8e886e03,0,0,f4000400
BLOB,BLOB,0,6023,0,0,0,0,0,0,0,0,0,8e886e03,8e886e03,"{""_index"":0,""QBCS"":3,""QBSS"":14,""QBTS"":25}",8e8da903,0
BLOB,BLOB,0,6042,0,0,0,0,0,0,0,0,0,8e886e03,8e886e03,"{""_index"":0,""HBST"":1}",8e8da903,0
BLOB,BLOB,0,6062,0,0,0,0,0,0,0,0,0,8e886e03,8e886e03,0,0,f4000300
BLOB,BLOB,0,6090,0,0,0,0,0,0,0,0,0,8e886e03,8e886e03,"{""_index"":0,""BCLS"":10,""WRST"":12}",8e8da903,0
BLOB,BLOB,0,6135,0,0,0,0,0,0,0,0,0,8e886e03,8e886e03,0,0,f4000200
BLOB,BLOB,0,6150,0,0,0,0,0,0,0,0,0,8e886e03,8e886e03,"{""_index"":0,""QBCS"":1,""QBSS"":18,""QBTS"":41}",8e8da903,0
BLOB,BLOB,0,6166,0,0,0,0,0,0,0,0,0,8e886e03,8e886e03,"{""_index"":0,""QBCS"":7,""QBSS"":18,""QBTS"":27}",8e8da903,0
BLOB,BLOB,0,6334,0,0,0,0,0,0,0,0,0,8e886e03,8e886e03,"{""_index"":0,""WRST"":16}",8e8da903,0
BLOB,BLOB,0,6805,0,0,0,0,0,0,0,0,0,8e886e03,8e886e03,"{""_index"":0,""WRST"":6}",8e8da903,0
BLOB,BLOB,0,6834,0,0,0,0,0,0,0,0,0,8e886e03,8e886e03,"{""_index"":0,""HBST"":3}",8e8da903,0
BLOB,BLOB,0,6839,0,0,0,0,0,0,0,0,0,8e886e03,8e886e03,"{""_index"":0,""BCLS"":7,""WRST"":8}",8e8da903,0
BLOB,BLOB,0,6860,0,0,0,0,0,0,0,0,0,8e886e03,8e886e03,"{""_index"":0,""BCLS"":10,""WRST"":3}",8e8da903,0
BLOB,BLOB,0,6869,0,0,0,0,0,0,0,0,0,8e886e03,8e886e03,"{""_index"":0,""QBCS"":2,""QBSS"":14,""QBTS"":38}",8e8da903,0
BLOB,BLOB,0,6879,0,0,0,0,0,0,0,0,0,8e886e03,8e886e03,"{""_index"":0,""WRST"":14}",8e8da903,0
BLOB,BLOB,0,6888,0,0,0,0,0,0,0,0,0,8e886e03,8e886e03,"{""_index"":0,""QBCS"":6,""QBSS"":6,""QBTS"":38}",8e8da903,0
BLOB,BLOB,0,6920,0,0,0,0,0,0,0,0,0,8e886e03,8e886e03,"{""_index"":0,""WRST"":12}",8e8da903,0
BLOB,BLOB,0,6921,0,0,0,0,0,0,0,0,0,8e886e03,8e886e03,"{""_index"":0,""BCLS"":7}",8e8da903,0
BLOB,BLOB,0,6927,0,0,0,0,0,0,0,0,0,8e886e03,8e886e03,"{""_index"":0,""HBST"":4}",8e8da903,0
BLOB,BLOB,0,7055,0,0,0,0,0,0,0,0,0,8e886e03,8e886e03,"{""_index"":0,""HBST"":4}",8e8da903,0
BLOB,BLOB,0,7075,0,0,0,0,0,0,0,0,0,8e886e03,8e886e03,0,0,f4000400
BLOB,BLOB,0,7083,0,0,0,0,0,0,0,0,0,8e886e03,8e886e03,"{""_index"":0,""WRST"":9}",8e8da903,0
BLOB,BLOB,0,7090,0,0,0,0,0,0,0,0,0,8e886e03,8e886e03,"{""_index"":0,""QBCS"":8,""QBSS"":8,""QBTS"":37}",8e8da903,0
BLOB,BLOB,0,7113,0,0,0,0,0,0,0,0,0,8e886e03,8e886e03,"{""_index"":0,""WRST"":11}",8e8da903,0
BLOB,BLOB,0,7128,0,0,0,0,0,0,0,0,0,8e886e03,8e886e03,"{""_index"":0,""HBST"":3}",8e8da903,0
BLOB,BLOB,0,7332,0,0,0,0,0,0,0,0,0,8e886e03,8e886e03,"{""_index"":0,""WRST"":16}",8e8da903,0
BLOB,BLOB,0,7360,0,0,0,0,0,0,0,0,0,8e886e03,8e886e03,"{""_index"":0,""HBST"":3}",8e8da903,0
BLOB,BLOB,0,7364,0,0,0,0,0,0,0,0,0,8e886e03,8e886e03,"{""_index"":0,""WRST"":16}",8e8da903,0
BLOB,BLOB,0,7375,0,0,0,0,0,0,0,0,0,8e886e03,8e886e03,"{""_index"":0,""WRST"":14}",8e8da903,0
BLOB,BLOB,0,7401,0,0,0,0,0,0,0,0,0,8e886e03,8e886e03,"{""_index"":0,""QBCS"":6,""QBSS"":12,""QBTS"":19}",8e8da903,0
BLOB,BLOB,0,7424,0,0,0,0,0,0,0,0,0,8e886e03,8e886e03,"{""_index"":0,""BCCS"":2,""BCLS"":7,""WRST"":13}",8e8da903,0
BLOB,BLOB,0,7434,0,0,0,0,0,0,0,0,0,8e886e03,8e886e03,"{""_index"":0,""WRST"":9}",8e8da903,0
BLOB,BLOB,0,7588,0,0,0,0,0,0,0,0,0,8e886e03,8e886e03,"{""_index"":0,""QBCS"":4,""QBSS"":10,""QBTS"":19}",8e8da903,0
BLOB,BLOB,0,7591,0,0,0,0,0,0,0,0,0,8e886e03,8e886e03,"{""_index"":0,""WRST"":6}",8e8da903,0
BLOB,BLOB,0,7607,0,0,0,0,0,0,0,0,0,8e886e03,8e886e03,"{""_index"":0,""LBST"":2}",8e8da903,0
BLOB,BLOB,0,7615,0,0,0,0,0,0,0,0,0,8e886e03,8e886e03,"{""_index"":0,""HBST"":3}",8e8da903,0
BLOB,BLOB,0,7631,0,0,0,0,0,0,0,0,0,8e886e03,8e886e03,"{""_index"":0,""WRST"":9}",8e8da903,0
BLOB,BLOB,0,7637,0,0,0,0,0,0,0,0,0,8e886e03,8e886e03,0,0,f4000200
BLOB,BLOB,0,7642,0,0,0,0,0,0,0,0,0,8e886e03,8e886e03,"{""_index"":0,""HBST"":3}",8e8da903,0
BLOB,BLOB,0,7660,0,0,0,0,0,0,0,0,0,8e886e03,8e886e03,"{""_index"":0,""QBCS"":3,""QBSS"":13,""QBTS"":27}",8e8da903,0
BLOB,BLOB,0,7673,0,0,0,0,0,0,0,0,0,8e886e03,8e886e03,"{""_index"":0,""BCCS"":2,""HBST"":4}",8e8da903,0
BLOB,BLOB,0,7692,0,0,0,0,0,0,0,0,0,8e886e03,8e886e03,"{""_index"":0,""QBCS"":6,""QBSS"":24,""QBTS"":18}",8e8da903,0
BLOB,BLOB,0,7925,0,0,0,0,0,0,0,0,0,8e886e03,8e886e03,"{""_index"":0,""HBST"":1}",8e8da903,0
BLOB,BLOB,0,8057,0,0,0,0,0,0,0,0,0,8e886e03,8e886e03,"{""_index"":0,""BCLS"":5,""HBST"":1}",8e8da903,0
BLOB,BLOB,0,8071,0,0,0,0,0,0,0,0,0,8e886e03,8e886e03,"{""_index"":0,""HBST"":1}",8e8da903,0
BLOB,BLOB,0,8079,0,0,0,0,0,0,0,0,0,8e886e03,8e886e03,0,0,f4000100
BLOB,BLOB,0,8085,0,0,0,0,0,0,0,0,0,8e886e03,8e886e03,0,0,f4000300
BLOB,BLOB,0,8107,0,0,0,0,0,0,0,0,0,8e886e03,8e886e03,"{""_index"":0,""HBST"":1}",8e8da903,0
BLOB,BLOB,0,8116,0,0,0,0,0,0,0,0,0,8e886e03,8e886e03,"{""_index"":0,""WRST"":9}",8e8da903,0
BLOB,BLOB,0,8151,0,0,0,0,0,0,0,0,0,8e886e03,8e886e03,"{""_index"":0,""QBCS"":5,""QBSS"":6}",8e8da903,0
BLOB,BLOB,0,8172,0,0,0,0,0,0,0,0,0,8e886e03,8e886e03,0,0,f4000400
BLOB,BLOB,0,8266,0,0,0,0,0,0,0,0,0,8e886e03,8e886e03,"{""_index"":0,""QBCS"":6,""QBSS"":10,""QBTS"":5}",8e8da903,0
BLOB,BLOB,0,8557,0,0,0,0,0,0,0,0,0,8e886e03,8e886e03,0,0,f4000100
BLOB,BLOB,0,8617,0,0,0,0,0,0,0,0,0,8e886e03,8e886e03,"{""_index"":0,""BCLS"":10,""WRST"":11}",8e8da903,0
BLOB,BLOB,0,8726,0,0,0,0,0,0,0,0,0,8e886e03,8e886e03,"{""_index"":0,""WRST"":13}",8e8da903,0
BLOB,BLOB,0,8728,0,0,0,0,0,0,0,0,0,8e886e03,8e886e03,"{""_index"":0,""HBST"":1}",8e8da903,0
BLOB,BLOB,0,8736,0,0,0,0,0,0,0,0,0,8e886e03,8e886e03,"{""_index"":0,""WRST"":6}",8e8da903,0
BLOB,BLOB,0,8771,0,0,0,0,0,0,0,0,0,8e886e03,8e886e03,"{""_index"":0,""HBST"":1}",8e8da903,0
BLOB,BLOB,0,8874,0,0,0,0,0,0,0,0,0,8e886e03,8e886e03,"{""_index"":0,""BCLS"":10,""HBST"":1}",8e8da903,0
BLOB,BLOB,0,8943,0,0,0,0,0,0,0,0,0,8e886e03,8e886e03,"{""_index"":0,""BCLS"":10,""CBST"":4}",8e8da903,0
BLOB,BLOB,0,9068,0,0,0,0,0,0,0,0,0,8e886e03,8e886e03,"{""_index"":0,""HBST"":1}",8e8da903,0
BLOB,BLOB,0,9147,0,0,0,0,0,0,0,0,0,8e886e03,8e886e03,"{""_index"":0,""QBCS"":6,""QBSS"":23,""QBTS"":12}",8e8da903,0
BLOB,BLOB,0,9154,0,0,0,0,0,0,0,0,0,8e886e03,8e886e03,"{""_index"":0,""WRST"":16}",8e8da903,0
BLOB,BLOB,0,9182,0,0,0,0,0,0,0,0,0,8e886e03,8e886e03,"{""_index"":0,""HBST"":1}",8e8da903,0
BLOB,BLOB,0,9325,0,0,0,0,0,0,0,0,0,8e886e03,8e886e03,"{""_index"":0,""QBCS"":9,""QBSS"":14,""QBTS"":7}",8e8da903,0
BLOB,BLOB,0,9371,0,0,0,0,0,0,0,0,0,8e886e03,8e886e03,"{""_index"":0,""WRST"":6}",8e8da903,0
BLOB,BLOB,0,9418,0,0,0,0,0,0,0,0,0,8e886e03,8e886e03,"{""_index"":0,""WRST"":11}",8e8da903,0
BLOB,BLOB,0,9445,0,0,0,0,0,0,0,0,0,8e886e03,8e886e03,"{""_index"":0,""HBST"":1}",8e8da903,0
BLOB,BLOB,0,9454,0,0,0,0,0,0,0,0,0,8e886e03,8e886e03,"{""_index"":0,""HBST"":3}",8e8da903,0
BLOB,BLOB,0,9455,0,0,0,0,0,0,0,0,0,8e886e03,8e886e03,"{""_index"":0,""WRST"":16}",8e8da903,0
BLOB,BLOB,0,9458,0,0,0,0,0,0,0,0,0,8e886e03,8e886e03,0,0,f4000200
BLOB,BLOB,0,9512,0,0,0,0,0,0,0,0,0,8e886e03,8e886e03,"{""_index"":0,""BCLS"":7,""CBST"":1}",8e8da903,0
BLOB,BLOB,0,9518,0,0,0,0,0,0,0,0,0,8e886e03,8e886e03,0,0,f4000300
BLOB,BLOB,0,9675,0,0,0,0,0,0,0,0,0,8e886e03,8e886e03,"{""_index"":0,""HBST"":1}",8e8da903,0
BLOB,BLOB,0,9700,0,0,0,0,0,0,0,0,0,8e886e03,8e886e03,"{""_index"":0,""HBST"":1}",8e8da903,0
BLOB,BLOB,0,9715,0,0,0,0,0,0,0,0,0,8e886e03,8e886e03,"{""_index"":0,""QBCS"":10,""QBSS"":10,""QBTS"":27}",8e8da903,0
BLOB,BLOB,0,9726,0,0,0,0,0,0,0,0,0,8e886e03,8e886e03,"{""_index"":0,""WRST"":3}",8e8da903,0
BLOB,BLOB,0,9731,0,0,0,0,0,0,0,0,0,8e886e03,8e886e03,"{""_index"":0,""WRST"":2}",8e8da903,0
BLOB,BLOB,0,9811,0,0,0,0,0,0,0,0,0,8e886e03,8e886e03,"{""_index"":0,""LBST"":4}",8e8da903,0
BLOB,BLOB,0,9828,0,0,0,0,0,0,0,0,0,8e886e03,8e886e03,"{""_index"":0,""QBCS"":10,""QBSS"":14,""QBTS"":32}",8e8da903,0
BLOB,BLOB,0,9842,0,0,0,0,0,0,0,0,0,8e886e03,8e886e03,"{""_index"":0,""WRST"":6}",8e8da903,0
BLOB,BLOB,0,9876,0,0,0,0,0,0,0,0,0,8e886e03,8e886e03,"{""_index"":0,""WRST"":19}",8e8da903,0
BLOB,BLOB,0,9979,0,0,0,0,0,0,0,0,0,8e886e03,8e886e03,"{""_index"":0,""WRST"":14}",8e8da903,0
BLOB,BLOB,0,9990,0,0,0,0,0,0,0,0,0,8e886e03,8e886e03,"{""_index"":0,""WRST"":16}",8e8da903,0
BLOB,BLOB,0,10016,0,0,0,0,0,0,0,0,0,8e886e03,8e886e03,"{""_index"":0,""LBST"":3}",8e8da903,0
BLOB,BLOB,0,10022,0,0,0,0,0,0,0,0,0,8e886e03,8e886e03,"{""_index"":0,""HBST"":3}",8e8da903,0
BLOB,BLOB,0,10036,0,0,0,0,0,0,0,0,0,8e886e03,8e886e03,"{""_index"":0,""QBCS"":2,""QBSS"":12,""QBTS"":30}",8e8da903,0
BLOB,BLOB,0,10047,0,0,0,0,0,0,0,0,0,8e886e03,8e886e03,"{""_index"":0,""QBCS"":9,""QBSS"":19,""QBTS"":43}",8e8da903,0
BLOB,BLOB,0,10052,0,0,0,0,0,0,0,0,0,8e886e03,8e886e03,"{""_index"":0,""BCLS"":10,""HBST"":1}",8e8da903,0
BLOB,BLOB,0,10090,0,0,0,0,0,0,0,0,0,8e886e03,8e886e03,"{""_index"":0,""QBCS"":8,""QBSS"":24}",8e8da903,0
BLOB,BLOB,0,10093,0,0,0,0,0,0,0,0,0,8e886e03,8e886e03,"{""_index"":0,""WRST"":2}",8e8da903,0
BLOB,BLOB,0,10136,0,0,0,0,0,0,0,0,0,8e886e03,8e886e03,"{""_index"":0,""QBCS"":10,""QBSS"":12,""QBTS"":4}",8e8da903,0
BLOB,BLOB,0,10143,0,0,0,0,0,0,0,0,0,8e886e03,8e886e03,0,0,f4000400
BLOB,BLOB,0,10173,0,0,0,0,0,0,0,0,0,8e886e03,8e886e03,0,0,f4000200
BLOB,BLOB,0,10187,0,0,0,0,0,0,0,0,0,8e886e03,8e886e03,"{""_index"":0,""WRST"":15}",8e8da903,0
BLOB,BLOB,0,10190,0,0,0,0,0,0,0,0,0,8e886e03,8e886e03,"{""_index"":0,""QBCS"":8,""QBSS"":18,""QBTS"":28}",8e8da903,0
BLOB,BLOB,0,10268,0,0,0,0,0,0,0,0,0,8e886e03,8e886e03,"{""_index"":0,""QBCS"":3,""QBSS"":14,""QBTS"":30}",8e8da903,0
BLOB,BLOB,0,10291,0,0,0,0,0,0,0,0,0,8e886e03,8e886e03,"{""_index"":0,""HBST"":2}",8e8da903,0
BLOB,BLOB,0,10316,0,0,0,0,0,0,0,0,0,8e886e03,8e886e03,"{""_index"":0,""QBCS"":2,""QBSS"":7,""QBTS"":43}",8e8da903,0
BLOB,BLOB,0,10323,0,0,0,0,0,0,0,0,0,8e886e03,8e886e03,"{""_index"":0,""HBST"":1}",8e8da903,0
BLOB,BLOB,0,10501,0,0,0,0,0,0,0,0,0,8e886e03,8e886e03,"{""_index"":0,""QBCS"":2,""QBSS"":10,""QBTS"":27}",8e8da903,0
BLOB,BLOB,0,10509,0,0,0,0,0,0,0,0,0,8e886e03,8e886e03,"{""_index"":0,""QBCS"":2,""QBSS"":24,""QBTS"":23}",8e8da903,0
BLOB,BLOB,0,10512,0,0,0,0,0,0,0,0,0,8e886e03,8e886e03,0,0,f4000100
BLOB,BLOB,0,10606,0,0,0,0,0,0,0,0,0,8e886e03,8e886e03,"{""_index"":0,""WRST"":16}",8e8da903,0
BLOB,BLOB,0,10626,0,0,0,0,0,0,0,0,0,8e886e03,8e886e03,"{""_index"":0,""WRST"":6}",8e8da903,0
BLOB,BLOB,0,10666,0,0,0,0,0,0,0,0,0,8e886e03,8e886e03,"{""_index"":0,""BCCS"":1,""BCLS"":4,""HBST"":3}",8e8da903,0
BLOB,BLOB,0,10667,0,0,0,0,0,0,0,0,0,8e886e03,8e886e03,"{""_index"":0,""HBST"":1}",8e8da903,0
BLOB,BLOB,0,10689,0,0,0,0,0,0,0,0,0,8e886e03,8e886e03,0,0,f4000100
BLOB,BLOB,0,10727,0,0,0,0,0,0,0,0,0,8e886e03,8e886e03,"{""_index"":0,""QBCS"":10,""QBSS"":11,""QBTS"":19}",8e8da903,0
BLOB,BLOB,0,12374,0,0,0,0,0,0,0,0,0,8e886e03,8e886e03,"{""_index"":0,""WRST"":8}",8e8da903,0
BLOB,BLOB,0,14572,0,0,0,0,0,0,0,0,0,8e886e03,8e886e03,"{""_index"":0,""WRST"":16}",8e8da903,0
BLOB,BLOB,0,14580,0,0,0,0,0,0,0,0,0,8e886e03,8e886e03,"{""_index"":0,""BCLS"":10,""WRST"":15}",8e8da903,0
BLOB,BLOB,0,14595,0,0,0,0,0,0,0,0,0,8e886e03,8e886e03,"{""_index"":0,""WRST"":11}",8e8da903,0
BLOB,BLOB,0,14816,0,0,0,0,0,0,0,0,0,8e886e03,8e886e03,0,0,f4000400
BLOB,BLOB,0,18040,0,0,0,0,0,0,0,0,0,8e886e03,8e886e03,"{""_index"":0,""WRST"":6}",8e8da903,0
BLOB,BLOB,0,18052,0,0,0,0,0,0,0,0,0,8e886e03,8e886e03,0,0,f4000400
BLOB,BLOB,0,18053,0,0,0,0,0,0,0,0,0,8e886e03,8e886e03,"{""_index"":0,""HBST"":4}",8e8da903,0
BLOB,BLOB,0,18105,0,0,0,0,0,0,0,0,0,8e886e03,8e886e03,"{""_index"":0,""WRST"":9}",8e8da903,0
BLOB,BLOB,0,18124,0,0,0,0,0,0,0,0,0,8e886e03,8e886e03,"{""_index"":0,""WRST"":11}",8e8da903,0
BLOB,BLOB,0,18248,0,0,0,0,0,0,0,0,0,8e886e03,8e886e03,"{""_index"":0,""WRST"":11}",8e8da903,0
BLOB,BLOB,0,18262,0,0,0,0,0,0,0,0,0,8e886e03,8e886e03,"{""_index"":0,""QBCS"":5,""QBSS"":14,""QBTS"":30}",8e8da903,0
BLOB,BLOB,0,18267,0,0,0,0,0,0,0,0,0,8e886e03,8e886e03,"{""_index"":0,""BCLS"":10,""WRST"":2}",8e8da903,0
BLOB,BLOB,0,18275,0,0,0,0,0,0,0,0,0,8e886e03,8e886e03,"{""_index"":0,""QBCS"":2,""QBSS"":10,""QBTS"":27}",8e8da903,0
BLOB,BLOB,0,18288,0,0,0,0,0,0,0,0,0,8e886e03,8e886e03,"{""_index"":0,""WRST"":4}",8e8da903,0
BLOB,BLOB,0,18289,0,0,0,0,0,0,0,0,0,8e886e03,8e886e03,"{""_index"":0,""WRST"":11}",8e8da903,0
BLOB,BLOB,0,18292,0,0,0,0,0,0,0,0,0,8e886e03,8e886e03,"{""_index"":0,""HBST"":1}",8e8da903,0
BLOB,BLOB,0,18293,0,0,0,0,0,0,0,0,0,8e886e03,8e886e03,"{""_index"":0,""WRST"":11}",8e8da903,0
BLOB,BLOB,0,18299,0,0,0,0,0,0,0,0,0,8e886e03,8e886e03,0,0,f4000400
BLOB,BLOB,0,18305,0,0,0,0,0,0,0,0,0,8e886e03,8e886e03,"{""_index"":0,""WRST"":16}",8e8da903,0
BLOB,BLOB,0,18325,0,0,0,0,0,0,0,0,0,8e886e03,8e886e03,"{""_index"":0,""QBCS"":1,""QBSS"":14,""QBTS"":32}",8e8da903,0
BLOB,BLOB,0,18338,0,0,0,0,0,0,0,0,0,8e886e03,8e886e03,"{""_index"":0,""WRST"":11}",8e8da903,0
BLOB,BLOB,0,18344,0,0,0,0,0,0,0,0,0,8e886e03,8e886e03,0,0,f4000200
BLOB,BLOB,0,18349,0,0,0,0,0,0,0,0,0,8e886e03,8e886e03,"{""_index"":0,""WRST"":6}",8e8da903,0
BLOB,BLOB,0,18368,0,0,0,0,0,0,0,0,0,8e886e03,8e886e03,"{""_index"":0,""QBCS"":5,""QBSS"":6,""QBTS"":9}",8e8da903,0
BLOB,BLOB,0,18375,0,0,0,0,0,0,0,0,0,8e886e03,8e886e03,"{""_index"":0,""QBCS"":9,""QBSS"":24,""QBTS"":35}",8e8da903,0
BLOB,BLOB,0,18395,0,0,0,0,0,0,0,0,0,8e886e03,8e886e03,"{""_index"":0,""BCLS"":7,""WRST"":2}",8e8da903,0
BLOB,BLOB,0,18417,0,0,0,0,0,0,0,0,0,8e886e03,8e886e03,"{""_index"":0,""LBST"":5}",8e8da903,0
BLOB,BLOB,0,18457,0,0,0,0,0,0,0,0,0,8e886e03,8e886e03,"{""_index"":0,""BCLS"":7,""WRST"":12}",8e8da903,0
BLOB,BLOB,0,18520,0,0,0,0,0,0,0,0,0,8e886e03,8e886e03,"{""_index"":0,""WRST"":9}",8e8da903,0
BLOB,BLOB,0,18556,0,0,0,0,0,0,0,0,0,8e886e03,8e886e03,"{""_index"":0,""LBST"":1}",8e8da903,0
BLOB,BLOB,0,18620,0,0,0,0,0,0,0,0,0,8e886e03,8e886e03,"{""_index"":0,""WRST"":16}",8e8da903,0
BLOB,BLOB,0,18638,0,0,0,0,0,0,0,0,0,8e886e03,8e886e03,"{""_index"":0,""HBST"":1}",8e8da903,0
BLOB,BLOB,0,18643,0,0,0,0,0,0,0,0,0,8e886e03,8e886e03,"{""_index"":0,""WRST"":11}",8e8da903,0
BLOB,BLOB,0,18648,0,0,0,0,0,0,0,0,0,8e886e03,8e886e03,"{""_index"":0,""WRST"":9}",8e8da903,0
BLOB,BLOB,0,18726,0,0,0,0,0,0,0,0,0,8e886e03,8e886e03,"{""_index"":0,""QBCS"":1,""QBSS"":14,""QBTS"":18}",8e8da903,0
BLOB,BLOB,0,18758,0,0,0,0,0,0,0,0,0,8e886e03,8e886e03,"{""_index"":0,""QBCS"":7,""QBSS"":2,""QBTS"":12}",8e8da903,0
BLOB,BLOB,0,18808,0,0,0,0,0,0,0,0,0,8e886e03,8e886e03,"{""_index"":0,""QBCS"":10,""QBSS"":14,""QBTS"":25}",8e8da903,0
BLOB,BLOB,0,18874,0,0,0,0,0,0,0,0,0,8e886e03,8e886e03,"{""_index"":0,""QBCS"":9,""QBSS"":24,""QBTS"":25}",8e8da903,0
BLOB,BLOB,0,18887,0,0,0,0,0,0,0,0,0,8e886e03,8e886e03,"{""_index"":0,""WRST"":6}",8e8da903,0
BLOB,BLOB,0,18894,0,0,0,0,0,0,0,0,0,8e886e03,8e886e03,"{""_index"":0,""QBCS"":9,""QBSS"":19,""QBTS"":29}",8e8da903,0
BLOB,BLOB,0,18902,0,0,0,0,0,0,0,0,0,8e886e03,8e886e03,"{""_index"":0,""WRST"":11}",8e8da903,0
BLOB,BLOB,0,18909,0,0,0,0,0,0,0,0,0,8e886e03,8e886e03,"{""_index"":0,""HBST"":3}",8e8da903,0
BLOB,BLOB,0,18922,0,0,0,0,0,0,0,0,0,8e886e03,8e886e03,"{""_index"":0,""QBCS"":10,""QBSS"":3,""QBTS"":28}",8e8da903,0
BLOB,BLOB,0,18972,0,0,0,0,0,0,0,0,0,8e886e03,8e886e03,"{""_index"":0,""WRST"":6}",8e8da903,0
BLOB,BLOB,0,19005,0,0,0,0,0,0,0,0,0,8e886e03,8e886e03,"{""_index"":0,""QBCS"":8,""QBSS"":10,""QBTS"":40}",8e8da903,0
BLOB,BLOB,0,19042,0,0,0,0,0,0,0,0,0,8e886e03,8e886e03,"{""_index"":0,""QBCS"":8,""QBSS"":21,""QBTS"":39}",8e8da903,0
BLOB,BLOB,0,19052,0,0,0,0,0,0,0,0,0,8e886e03,8e886e03,"{""_index"":0,""QBCS"":3,""QBSS"":6,""QBTS"":32}",8e8da903,0
BLOB,BLOB,0,19070,0,0,0,0,0,0,0,0,0,8e886e03,8e886e03,"{""_index"":0,""QBCS"":9,""QBSS"":10,""QBTS"":20}",8e8da903,0
BLOB,BLOB,0,19085,0,0,0,0,0,0,0,0,0,8e886e03,8e886e03,"{""_index"":0,""QBCS"":10,""QBSS"":24,""QBTS"":18}",8e8da903,0
BLOB,BLOB,0,19094,0,0,0,0,0,0,0,0,0,8e886e03,8e886e03,"{""_index"":0,""BCLS"":7,""WRST"":2}",8e8da903,0
BLOB,BLOB,0,19100,0,0,0,0,0,0,0,0,0,8e886e03,8e886e03,"{""_index"":0,""BCCS"":2,""HBST"":1}",8e8da903,0
BLOB,BLOB,0,19104,0,0,0,0,0,0,0,0,0,8e886e03,8e886e03,0,0,f4000200
BLOB,BLOB,0,19110,0,0,0,0,0,0,0,0,0,8e886e03,8e886e03,"{""_index"":0,""QBCS"":10,""QBSS"":15,""QBTS"":14}",8e8da903,0
BLOB,BLOB,0,19111,0,0,0,0,0,0,0,0,0,8e886e03,8e886e03,0,0,f4000200
BLOB,BLOB,0,19116,0,0,0,0,0,0,0,0,0,8e886e03,8e886e03,0,0,f4000100
BLOB,BLOB,0,19120,0,0,0,0,0,0,0,0,0,8e886e03,8e886e03,0,0,f4000400
BLOB,BLOB,0,19126,0,0,0,0,0,0,0,0,0,8e886e03,8e886e03,"{""_index"":0,""WRST"":14}",8e8da903,0
BLOB,BLOB,0,19142,0,0,0,0,0,0,0,0,0,8e886e03,8e886e03,"{""_index"":0,""BCLS"":10,""WRST"":14}",8e8da903,0
BLOB,BLOB,0,19183,0,0,0,0,0,0,0,0,0,8e886e03,8e886e03,"{""_index"":0,""QBCS"":8,""QBSS"":14,""QBTS"":34}",8e8da903,0
BLOB,BLOB,0,19234,0,0,0,0,0,0,0,0,0,8e886e03,8e886e03,"{""_index"":0,""WRST"":6}",8e8da903,0
BLOB,BLOB,0,19247,0,0,0,0,0,0,0,0,0,8e886e03,8e886e03,"{""_index"":0,""WRST"":4}",8e8da903,0
BLOB,BLOB,0,19260,0,0,0,0,0,0,0,0,0,8e886e03,8e886e03,"{""_index"":0,""WRST"":14}",8e8da903,0
BLOB,BLOB,0,19342,0,0,0,0,0,0,0,0,0,8e886e03,8e886e03,"{""_index"":0,""HBST"":1}",8e8da903,0
BLOB,BLOB,0,19401,0,0,0,0,0,0,0,0,0,8e886e03,8e886e03,"{""_index"":0,""HBST"":1}",8e8da903,0
BLOB,BLOB,0,19440,0,0,0,0,0,0,0,0,0,8e886e03,8e886e03,0,0,f4000400
BLOB,BLOB,0,19443,0,0,0,0,0,0,0,0,0,8e886e03,8e886e03,"{""_index"":0,""WRST"":16}",8e8da903,0
BLOB,BLOB,0,19495,0,0,0,0,0,0,0,0,0,8e886e03,8e886e03,0,0,f4000100
BLOB,BLOB,0,19519,0,0,0,0,0,0,0,0,0,8e886e03,8e886e03,"{""_index"":0,""BCLS"":10,""WRST"":9}",8e8da903,0
BLOB,BLOB,0,19521,0,0,0,0,0,0,0,0,0,8e886e03,8e886e03,"{""_index"":0,""WRST"":11}",8e8da903,0
BLOB,BLOB,0,19555,0,0,0,0,0,0,0,0,0,8e886e03,8e886e03,"{""_index"":0,""HBST"":1}",8e8da903,0
BLOB,BLOB,0,19578,0,0,0,0,0,0,0,0,0,8e886e03,8e886e03,"{""_index"":0,""HBST"":4}",8e8da903,0
BLOB,BLOB,0,19620,0,0,0,0,0,0,0,0,0,8e886e03,8e886e03,0,0,f4000400
BLOB,BLOB,0,19665,0,0,0,0,0,0,0,0,0,8e886e03,8e886e03,"{""_index"":0,""BCLS"":10,""HBST"":1}",8e8da903,0
BLOB,BLOB,0,19673,0,0,0,0,0,0,0,0,0,8e886e03,8e886e03,"{""_index"":0,""BCLS"":7,""WRST"":6}",8e8da903,0
BLOB,BLOB,0,19674,0,0,0,0,0,0,0,0,0,8e886e03,8e886e03,0,0,f4000400
BLOB,BLOB,0,19680,0,0,0,0,0,0,0,0,0,8e886e03,8e886e03,"{""_index"":0,""QBCS"":9,""QBSS"":15,""QBTS"":27}",8e8da903,0
BLOB,BLOB,0,19692,0,0,0,0,0,0,0,0,0,8e886e03,8e886e03,0,0,f4000400
BLOB,BLOB,0,19746,0,0,0,0,0,0,0,0,0,8e886e03,8e886e03,"{""_index"":0,""QBCS"":8,""QBSS"":10,""QBTS"":36}",8e8da903,0
BLOB,BLOB,0,19768,0,0,0,0,0,0,0,0,0,8e886e03,8e886e03,"{""_index"":0,""WRST"":9}",8e8da903,0
BLOB,BLOB,0,19774,0,0,0,0,0,0,0,0,0,8e886e03,8e886e03,"{""_index"":0,""WRST"":14}",8e8da903,0
BLOB,BLOB,0,19811,0,0,0,0,0,0,0,0,0,8e886e03,8e886e03,0,0,f4000400
BLOB,BLOB,0,19829,0,0,0,0,0,0,0,0,0,8e886e03,8e886e03,"{""_index"":0,""WRST"":2}",8e8da903,0
BLOB,BLOB,0,19887,0,0,0,0,0,0,0,0,0,8e886e03,8e886e03,"{""_index"":0,""QBCS"":7,""QBSS"":24,""QBTS"":24}",8e8da903,0
BLOB,BLOB,0,19905,0,0,0,0,0,0,0,0,0,8e886e03,8e886e03,"{""_index"":0,""BCLS"":7,""WRST"":6}",8e8da903,0
BLOB,BLOB,0,19910,0,0,0,0,0,0,0,0,0,8e886e03,8e886e03,"{""_index"":0,""QBCS"":1,""QBSS"":18,""QBTS"":37}",8e8da903,0
BLOB,BLOB,0,19921,0,0,0,0,0,0,0,0,0,8e886e03,8e886e03,0,0,f4000400
BLOB,BLOB,0,19930,0,0,0,0,0,0,0,0,0,8e886e03,8e886e03,"{""_index"":0,""QBCS"":2,""QBSS"":14,""QBTS"":37}",8e8da903,0
BLOB,BLOB,0,19941,0,0,0,0,0,0,0,0,0,8e886e03,8e886e03,"{""_index"":0,""QBCS"":7,""QBSS"":19,""QBTS"":20}",8e8da903,0
BLOB,BLOB,0,19943,0,0,0,0,0,0,0,0,0,8e886e03,8e886e03,"{""_index"":0,""QBCS"":1,""QBSS"":14,""QBTS"":27}",8e8da903,0
BLOB,BLOB,0,19957,0,0,0,0,0,0,0,0,0,8e886e03,8e886e03,"{""_index"":0,""HBST"":3}",8e8da903,0
BLOB,BLOB,0,19987,0,0,0,0,0,0,0,0,0,8e886e03,8e886e03,"{""_index"":0,""HBST"":3}",8e8da903,0
BLOB,BLOB,0,20011,0,0,0,0,0,0,0,0,0,8e886e03,8e886e03,"{""_index"":0,""WRST"":6}",8e8da903,0
BLOB,BLOB,0,20065,0,0,0,0,0,0,0,0,0,8e886e03,8e886e03,"{""_index"":0,""HBST"":1}",8e8da903,0
BLOB,BLOB,0,20110,0,0,0,0,0,0,0,0,0,8e886e03,8e886e03,"{""_index"":0,""QBCS"":10,""QBSS"":10,""QBTS"":27}",8e8da903,0
BLOB,BLOB,0,20157,0,0,0,0,0,0,0,0,0,8e886e03,8e886e03,"{""_index"":0,""BCLS"":3,""HBST"":1}",8e8da903,0
BLOB,BLOB,0,20180,0,0,0,0,0,0,0,0,0,8e886e03,8e886e03,"{""_index"":0,""BCLS"":10,""WRST"":2}",8e8da903,0
BLOB,BLOB,0,20185,0,0,0,0,0,0,0,0,0,8e886e03,8e886e03,"{""_index"":0,""QBCS"":7,""QBSS"":15,""QBTS"":12}",8e8da903,0
BLOB,BLOB,0,20208,0,0,0,0,0,0,0,0,0,8e886e03,8e886e03,"{""_index"":0,""BCLS"":7,""HBST"":1}",8e8da903,0
BLOB,BLOB,0,20211,0,0,0,0,0,0,0,0,0,8e886e03,8e886e03,"{""_index"":0,""WRST"":6}",8e8da903,0
BLOB,BLOB,0,20220,0,0,0,0,0,0,0,0,0,8e886e03,8e886e03,"{""_index"":0,""WRST"":9}",8e8da903,0
BLOB,BLOB,0,20232,0,0,0,0,0,0,0,0,0,8e886e03,8e886e03,"{""_index"":0,""HBST"":4}",8e8da903,0
BLOB,BLOB,0,20273,0,0,0,0,0,0,0,0,0,8e886e03,8e886e03,"{""_index"":0,""WRST"":14}",8e8da903,0
BLOB,BLOB,0,20275,0,0,0,0,0,0,0,0,0,8e886e03,8e886e03,"{""_index"":0,""WRST"":14}",8e8da903,0
BLOB,BLOB,0,20308,0,0,0,0,0,0,0,0,0,8e886e03,8e886e03,"{""_index"":0,""QBTS"":32}",8e8da903,0
BLOB,BLOB,0,20321,0,0,0,0,0,0,0,0,0,8e886e03,8e886e03,0,0,f4000100
BLOB,BLOB,0,20334,0,0,0,0,0,0,0,0,0,8e886e03,8e886e03,"{""_index"":0,""QBCS"":9,""QBSS"":10,""QBTS"":27}",8e8da903,0
BLOB,BLOB,0,20339,0,0,0,0,0,0,0,0,0,8e886e03,8e886e03,"{""_index"":0,""HBST"":1}",8e8da903,0
BLOB,BLOB,0,20566,0,0,0,0,0,0,0,0,0,8e886e03,8e886e03,"{""_index"":0,""BCLS"":10,""HBST"":4}",8e8da903,0
BLOB,BLOB,0,20578,0,0,0,0,0,0,0,0,0,8e886e03,8e886e03,"{""_index"":0,""WRST"":19}",8e8da903,0
BLOB,BLOB,0,20618,0,0,0,0,0,0,0,0,0,8e886e03,8e886e03,"{""_index"":0,""WRST"":9}",8e8da903,0
BLOB,BLOB,0,20627,0,0,0,0,0,0,0,0,0,8e886e03,8e886e03,"{""_index"":0,""HBST"":1}",8e8da903,0
BLOB,BLOB,0,20640,0,0,0,0,0,0,0,0,0,8e886e03,8e886e03,"{""_index"":0,""WRST"":11}",8e8da903,0
BLOB,BLOB,0,20711,0,0,0,0,0,0,0,0,0,8e886e03,8e886e03,"{""_index"":0,""WRST"":9}",8e8da903,0
BLOB,BLOB,0,20716,0,0,0,0,0,0,0,0,0,8e886e03,8e886e03,"{""_index"":0,""WRST"":9}",8e8da903,0
BLOB,BLOB,0,20722,0,0,0,0,0,0,0,0,0,8e886e03,8e886e03,"{""_index"":0,""WRST"":6}",8e8da903,0
BLOB,BLOB,0,20774,0,0,0,0,0,0,0,0,0,8e886e03,8e886e03,"{""_index"":0,""WRST"":19}",8e8da903,0
BLOB,BLOB,0,20783,0,0,0,0,0,0,0,0,0,8e886e03,8e886e03,"{""_index"":0,""QBCS"":8,""QBSS"":19,""QBTS"":40}",8e8da903,0
BLOB,BLOB,0,20892,0,0,0,0,0,0,0,0,0,8e886e03,8e886e03,"{""_index"":0,""QBCS"":9,""QBSS"":14,""QBTS"":27}",8e8da903,0
BLOB,BLOB,0,20922,0,0,0,0,0,0,0,0,0,8e886e03,8e886e03,0,0,f4000200
BLOB,BLOB,0,20931,0,0,0,0,0,0,0,0,0,8e886e03,8e886e03,"{""_index"":0,""BCLS"":7,""WRST"":15}",8e8da903,0
BLOB,BLOB,0,20933,0,0,0,0,0,0,0,0,0,8e886e03,8e886e03,"{""_index"":0,""LBST"":1}",8e8da903,0
BLOB,BLOB,0,20964,0,0,0,0,0,0,0,0,0,8e886e03,8e886e03,"{""_index"":0,""HBST"":3,""QBSS"":13}",8e8da903,0
BLOB,BLOB,0,21009,0,0,0,0,0,0,0,0,0,8e886e03,8e886e03,"{""_index"":0,""HBST"":1}",8e8da903,0
BLOB,BLOB,0,21064,0,0,0,0,0,0,0,0,0,8e886e03,8e886e03,0,0,f4000400
BLOB,BLOB,0,21074,0,0,0,0,0,0,0,0,0,8e886e03,8e886e03,"{""_index"":0,""QBCS"":7,""QBSS"":23,""QBTS"":27}",8e8da903,0
BLOB,BLOB,0,21120,0,0,0,0,0,0,0,0,0,8e886e03,8e886e03,"{""_index"":0,""QBCS"":3,""QBSS"":11,""QBTS"":41}",8e8da903,0
BLOB,BLOB,0,21177,0,0,0,0,0,0,0,0,0,8e886e03,8e886e03,"{""_index"":0,""BCLS"":7,""WRST"":8}",8e8da903,0
BLOB,BLOB,0,21222,0,0,0,0,0,0,0,0,0,8e886e03,8e886e03,"{""_index"":0,""LBST"":3}",8e8da903,0
BLOB,BLOB,0,21364,0,0,0,0,0,0,0,0,0,8e886e03,8e886e03,"{""_index"":0,""WRST"":6}",8e8da903,0
BLOB,BLOB,0,21376,0,0,0,0,0,0,0,0,0,8e886e03,8e886e03,"{""_index"":0,""WRST"":12}",8e8da903,0
BLOB,BLOB,0,21391,0,0,0,0,0,0,0,0,0,8e886e03,8e886e03,"{""_index"":0,""WRST"":6}",8e8da903,0
BLOB,BLOB,0,21403,0,0,0,0,0,0,0,0,0,8e886e03,8e886e03,0,0,f4000200
BLOB,BLOB,0,21404,0,0,0,0,0,0,0,0,0,8e886e03,8e886e03,"{""_index"":0,""WRST"":8}",8e8da903,0
BLOB,BLOB,0,21413,0,0,0,0,0,0,0,0,0,8e886e03,8e886e03,"{""_index"":0,""QBCS"":4,""QBSS"":11,""QBTS"":34}",8e8da903,0
BLOB,BLOB,0,21426,0,0,0,0,0,0,0,0,0,8e886e03,8e886e03,"{""_index"":0,""WRST"":6}",8e8da903,0
BLOB,BLOB,0,21429,0,0,0,0,0,0,0,0,0,8e886e03,8e886e03,"{""_index"":0,""QBCS"":1,""QBSS"":14,""QBTS"":19}",8e8da903,0
BLOB,BLOB,0,21470,0,0,0,0,0,0,0,0,0,8e886e03,8e886e03,"{""_index"":0,""HBST"":1}",8e8da903,0
BLOB,BLOB,0,21473,0,0,0,0,0,0,0,0,0,8e886e03,8e886e03,"{""_index"":0,""BCLS"":10,""WRST"":6}",8e8da903,0
BLOB,BLOB,0,21492,0,0,0,0,0,0,0,0,0,8e886e03,8e886e03,"{""_index"":0,""QBCS"":7,""QBSS"":12,""QBTS"":19}",8e8da903,0
BLOB,BLOB,0,21517,0,0,0,0,0,0,0,0,0,8e886e03,8e886e03,"{""_index"":0,""QBCS"":7,""QBSS"":24,""QBTS"":41}",8e8da903,0
BLOB,BLOB,0,21538,0,0,0,0,0,0,0,0,0,8e886e03,8e886e03,"{""_index"":0,""QBCS"":5,""QBSS"":19,""QBTS"":12}",8e8da903,0
BLOB,BLOB,0,21565,0,0,0,0,0,0,0,0,0,8e886e03,8e886e03,"{""_index"":0,""HBST"":1}",8e8da903,0
BLOB,BLOB,0,21575,0,0,0,0,0,0,0,0,0,8e886e03,8e886e03,"{""_index"":0,""LBST"":4}",8e8da903,0
BLOB,BLOB,0,21586,0,0,0,0,0,0,0,0,0,8e886e03,8e886e03,"{""_index"":0,""HBST"":4}",8e8da903,0
BLOB,BLOB,0,21627,0,0,0,0,0,0,0,0,0,8e886e03,8e886e03,"{""_index"":0,""HBST"":1}",8e8da903,0
BLOB,BLOB,0,21682,0,0,0,0,0,0,0,0,0,8e886e03,8e886e03,"{""_index"":0,""HBST"":1}",8e8da903,0
BLOB,BLOB,0,21686,0,0,0,0,0,0,0,0,0,8e886e03,8e886e03,"{""_index"":0,""HBST"":4}",8e8da903,0
BLOB,BLOB,0,21700,0,0,0,0,0,0,0,0,0,8e886e03,8e886e03,"{""_index"":0,""WRST"":9}",8e8da903,0
BLOB,BLOB,0,21717,0,0,0,0,0,0,0,0,0,8e886e03,8e886e03,"{""_index"":0,""BCLS"":3,""HBST"":1}",8e8da903,0
BLOB,BLOB,0,21742,0,0,0,0,0,0,0,0,0,8e886e03,8e886e03,0,0,f4000300
BLOB,BLOB,0,21780,0,0,0,0,0,0,0,0,0,8e886e03,8e886e03,"{""_index"":0,""WRST"":6}",8e8da903,0
BLOB,BLOB,0,21797,0,0,0,0,0,0,0,0,0,8e886e03,8e886e03,"{""_index"":0,""WRST"":19}",8e8da903,0
BLOB,BLOB,0,21802,0,0,0,0,0,0,0,0,0,8e886e03,8e886e03,"{""_index"":0,""BCLS"":8,""HBST"":1}",8e8da903,0
BLOB,BLOB,0,21812,0,0,0,0,0,0,0,0,0,8e886e03,8e886e03,"{""_index"":0,""WRST"":12}",8e8da903,0
BLOB,BLOB,0,21814,0,0,0,0,0,0,0,0,0,8e886e03,8e886e03,"{""_index"":0,""QBCS"":10,""QBSS"":10,""QBTS"":20}",8e8da903,0
BLOB,BLOB,0,21826,0,0,0,0,0,0,0,0,0,8e886e03,8e886e03,"{""_index"":0,""WRST"":12}",8e8da903,0
BLOB,BLOB,0,21848,0,0,0,0,0,0,0,0,0,8e886e03,8e886e03,"{""_index"":0,""QBCS"":1,""QBSS"":14,""QBTS"":5}",8e8da903,0
BLOB,BLOB,0,21875,0,0,0,0,0,0,0,0,0,8e886e03,8e886e03,"{""_index"":0,""QBCS"":2,""QBSS"":10,""QBTS"":41}",8e8da903,0
BLOB,BLOB,0,21888,0,0,0,0,0,0,0,0,0,8e886e03,8e886e03,"{""_index"":0,""HBST"":1}",8e8da903,0
BLOB,BLOB,0,22024,0,0,0,0,0,0,0,0,0,8e886e03,8e886e03,"{""_index"":0,""WRST"":11}",8e8da903,0
BLOB,BLOB,0,22036,0,0,0,0,0,0,0,0,0,8e886e03,8e886e03,"{""_index"":0,""QBCS"":5,""QBSS"":19,""QBTS"":25}",8e8da903,0
BLOB,BLOB,0,22038,0,0,0,0,0,0,0,0,0,8e886e03,8e886e03,"{""_index"":0,""HBST"":1}",8e8da903,0
BLOB,BLOB,0,22159,0,0,0,0,0,0,0,0,0,8e886e03,8e886e03,"{""_index"":0,""QBCS"":2,""QBSS"":24,""QBTS"":41}",8e8da903,0
BLOB,BLOB,0,22160,0,0,0,0,0,0,0,0,0,8e886e03,8e886e03,"{""_index"":0,""WRST"":9}",8e8da903,0
BLOB,BLOB,0,22171,0,0,0,0,0,0,0,0,0,8e886e03,8e886e03,"{""_index"":0,""HBST"":4}",8e8da903,0
BLOB,BLOB,0,22191,0,0,0,0,0,0,0,0,0,8e886e03,8e886e03,"{""_index"":0,""QBCS"":1,""QBSS"":10}",8e8da903,0
BLOB,BLOB,0,22208,0,0,0,0,0,0,0,0,0,8e886e03,8e886e03,"{""_index"":0,""QBCS"":10,""QBSS"":23,""QBTS"":36}",8e8da903,0
BLOB,BLOB,0,22216,0,0,0,0,0,0,0,0,0,8e886e03,8e886e03,"{""_index"":0,""QBCS"":10,""QBSS"":24,""QBTS"":36}",8e8da903,0
BLOB,BLOB,0,22243,0,0,0,0,0,0,0,0,0,8e886e03,8e886e03,"{""_index"":0,""WRST"":6}",8e8da903,0
BLOB,BLOB,0,22248,0,0,0,0,0,0,0,0,0,8e886e03,8e886e03,"{""_index"":0,""BCLS"":7,""WRST"":16}",8e8da903,0
BLOB,BLOB,0,22254,0,0,0,0,0,0,0,0,0,8e886e03,8e886e03,0,0,f4000400
BLOB,BLOB,0,22381,0,0,0,0,0,0,0,0,0,8e886e03,8e886e03,"{""_index"":0,""HBST"":1}",8e8da903,0
BLOB,BLOB,0,22383,0,0,0,0,0,0,0,0,0,8e886e03,8e886e03,"{""_index"":0,""BCLS"":10,""CBST"":2}",8e8da903,0
BLOB,BLOB,0,22391,0,0,0,0,0,0,0,0,0,8e886e03,8e886e03,"{""_index"":0,""BCCS"":1,""BCLS"":6,""HBST"":1}",8e8da903,0
BLOB,BLOB,0,22397,0,0,0,0,0,0,0,0,0,8e886e03,8e886e03,"{""_index"":0,""BCLS"":7,""WRST"":11}",8e8da903,0
BLOB,BLOB,0,22410,0,0,0,0,0,0,0,0,0,8e886e03,8e886e03,"{""_index"":0,""HBST"":1}",8e8da903,0
BLOB,BLOB,0,22425,0,0,0,0,0,0,0,0,0,8e886e03,8e886e03,"{""_index"":0,""WRST"":2}",8e8da903,0
BLOB,BLOB,0,22440,0,0,0,0,0,0,0,0,0,8e886e03,8e886e03,"{""_index"":0,""BCLS"":10,""WRST"":16}",8e8da903,0
BLOB,BLOB,0,22448,0,0,0,0,0,0,0,0,0,8e886e03,8e886e03,"{""_index"":0,""WRST"":15}",8e8da903,0
BLOB,BLOB,0,22515,0,0,0,0,0,0,0,0,0,8e886e03,8e886e03,"{""_index"":0,""WRST"":19}",8e8da903,0
BLOB,BLOB,0,22535,0,0,0,0,0,0,0,0,0,8e886e03,8e886e03,"{""_index"":0,""WRST"":16}",8e8da903,0
BLOB,BLOB,0,22652,0,0,0,0,0,0,0,0,0,8e886e03,8e886e03,0,0,f4000200
BLOB,BLOB,0,22654,0,0,0,0,0,0,0,0,0,8e886e03,8e886e03,"{""_index"":0,""BCLS"":5,""HBST"":1}",8e8da903,0
BLOB,BLOB,0,22655,0,0,0,0,0,0,0,0,0,8e886e03,8e886e03,"{""_index"":0,""HBST"":1}",8e8da903,0
BLOB,BLOB,0,22660,0,0,0,0,0,0,0,0,0,8e886e03,8e886e03,"{""_index"":0,""WRST"":14}",8e8da903,0
BLOB,BLOB,0,22678,0,0,0,0,0,0,0,0,0,8e886e03,8e886e03,"{""_index"":0,""QBCS"":1,""QBSS"":24,""QBTS"":18}",8e8da903,0
BLOB,BLOB,0,22685,0,0,0,0,0,0,0,0,0,8e886e03,8e886e03,"{""_index"":0,""WRST"":3}",8e8da903,0
BLOB,BLOB,0,22706,0,0,0,0,0,0,0,0,0,8e886e03,8e886e03,"{""_index"":0,""HBST"":4}",8e8da903,0
BLOB,BLOB,0,22820,0,0,0,0,0,0,0,0,0,8e886e03,8e886e03,"{""_index"":0,""QBCS"":2,""QBSS"":15,""QBTS"":19}",8e8da903,0
BLOB,BLOB,0,22865,0,0,0,0,0,0,0,0,0,8e886e03,8e886e03,"{""_index"":0,""HBST"":1}",8e8da903,0
BLOB,BLOB,0,22933,0,0,0,0,0,0,0,0,0,8e886e03,8e886e03,"{""_index"":0,""QBCS"":8,""QBSS"":11,""QBTS"":21}",8e8da903,0
BLOB,BLOB,0,22994,0,0,0,0,0,0,0,0,0,8e886e03,8e886e03,"{""_index"":0,""QBCS"":1,""QBSS"":24,""QBTS"":36}",8e8da903,0
BLOB,BLOB,0,23003,0,0,0,0,0,0,0,0,0,8e886e03,8e886e03,0,0,f4000400
BLOB,BLOB,0,23038,0,0,0,0,0,0,0,0,0,8e886e03,8e886e03,"{""_index"":0,""WRST"":11}",8e8da903,0
BLOB,BLOB,0,23043,0,0,0,0,0,0,0,0,0,8e886e03,8e886e03,"{""_index"":0,""HBST"":1}",8e8da903,0
BLOB,BLOB,0,23078,0,0,0,0,0,0,0,0,0,8e886e03,8e886e03,"{""_index"":0,""QBCS"":5,""QBSS"":18,""QBTS"":36}",8e8da903,0
BLOB,BLOB,0,23084,0,0,0,0,0,0,0,0,0,8e886e03,8e886e03,"{""_index"":0,""LBST"":2}",8e8da903,0
BLOB,BLOB,0,23095,0,0,0,0,0,0,0,0,0,8e886e03,8e886e03,"{""_index"":0,""WRST"":8}",8e8da903,0
BLOB,BLOB,0,23129,0,0,0,0,0,0,0,0,0,8e886e03,8e886e03,"{""_index"":0,""WRST"":15}",8e8da903,0
BLOB,BLOB,0,23169,0,0,0,0,0,0,0,0,0,8e886e03,8e886e03,"{""_index"":0,""WRST"":15}",8e8da903,0
BLOB,BLOB,0,23211,0,0,0,0,0,0,0,0,0,8e886e03,8e886e03,"{""_index"":0,""QBCS"":6,""QBSS"":14,""QBTS"":34}",8e8da903,0
BLOB,BLOB,0,23239,0,0,0,0,0,0,0,0,0,8e886e03,8e886e03,"{""_index"":0,""QBCS"":3,""QBSS"":3,""QBTS"":20}",8e8da903,0
BLOB,BLOB,0,23267,0,0,0,0,0,0,0,0,0,8e886e03,8e886e03,"{""_index"":0,""WRST"":6}",8e8da903,0
BLOB,BLOB,0,23304,0,0,0,0,0,0,0,0,0,8e886e03,8e886e03,"{""_index"":0,""HBST"":1}",8e8da903,0
BLOB,BLOB,0,23327,0,0,0,0,0,0,0,0,0,8e886e03,8e886e03,"{""_index"":0,""BCLS"":3,""HBST"":1}",8e8da903,0
BLOB,BLOB,0,23336,0,0,0,0,0,0,0,0,0,8e886e03,8e886e03,0,0,f4000400
BLOB,BLOB,0,23366,0,0,0,0,0,0,0,0,0,8e886e03,8e886e03,"{""_index"":0,""HBST"":1}",8e8da903,0
BLOB,BLOB,0,23380,0,0,0,0,0,0,0,0,0,8e886e03,8e886e03,0,0,f4000100
BLOB,BLOB,0,23424,0,0,0,0,0,0,0,0,0,8e886e03,8e886e03,"{""_index"":0,""HBST"":1,""WRST"":14}",8e8da903,0
BLOB,BLOB,0,23442,0,0,0,0,0,0,0,0,0,8e886e03,8e886e03,"{""_index"":0,""WRST"":12}",8e8da903,0
BLOB,BLOB,0,23449,0,0,0,0,0,0,0,0,0,8e886e03,8e886e03,"{""_index"":0,""BCLS"":8,""HBST"":1}",8e8da903,0
BLOB,BLOB,0,23462,0,0,0,0,0,0,0,0,0,8e886e03,8e886e03,"{""_index"":0,""WRST"":11}",8e8da903,0
BLOB,BLOB,0,23467,0,0,0,0,0,0,0,0,0,8e886e03,8e886e03,"{""_index"":0,""BCCS"":1,""BCLS"":4,""HBST"":1}",8e8da903,0
BLOB,BLOB,0,23483,0,0,0,0,0,0,0,0,0,8e886e03,8e886e03,"{""_index"":0,""LBST"":2}",8e8da903,0
BLOB,BLOB,0,23505,0,0,0,0,0,0,0,0,0,8e886e03,8e886e03,"{""_index"":0,""WRST"":6}",8e8da903,0
BLOB,BLOB,0,23559,0,0,0,0,0,0,0,0,0,8e886e03,8e886e03,"{""_index"":0,""LBST"":5}",8e8da903,0
BLOB,BLOB,0,23562,0,0,0,0,0,0,0,0,0,8e886e03,8e886e03,"{""_index"":0,""WRST"":16}",8e8da903,0
BLOB,BLOB,0,23567,0,0,0,0,0,0,0,0,0,8e886e03,8e886e03,"{""_index"":0,""HBST"":1}",8e8da903,0
BLOB,BLOB,0,23615,0,0,0,0,0,0,0,0,0,8e886e03,8e886e03,"{""_index"":0,""QBCS"":10,""QBSS"":14,""QBTS"":28}",8e8da903,0
BLOB,BLOB,0,23616,0,0,0,0,0,0,0,0,0,8e886e03,8e886e03,"{""_index"":0,""QBCS"":6,""QBSS"":15,""QBTS"":18}",8e8da903,0
BLOB,BLOB,0,23622,0,0,0,0,0,0,0,0,0,8e886e03,8e886e03,"{""_index"":0,""BCLS"":8,""HBST"":4}",8e8da903,0
BLOB,BLOB,0,23650,0,0,0,0,0,0,0,0,0,8e886e03,8e886e03,"{""_index"":0,""HBST"":1}",8e8da903,0
BLOB,BLOB,0,23654,0,0,0,0,0,0,0,0,0,8e886e03,8e886e03,"{""_index"":0,""HBST"":1}",8e8da903,0
BLOB,BLOB,0,23674,0,0,0,0,0,0,0,0,0,8e886e03,8e886e03,"{""_index"":0,""WRST"":16}",8e8da903,0
BLOB,BLOB,0,23696,0,0,0,0,0,0,0,0,0,8e886e03,8e886e03,"{""_index"":0,""QBCS"":9,""QBSS"":14,""QBTS"":20}",8e8da903,0
BLOB,BLOB,0,23750,0,0,0,0,0,0,0,0,0,8e886e03,8e886e03,"{""_index"":0,""QBCS"":6,""QBSS"":20,""QBTS"":19}",8e8da903,0
BLOB,BLOB,0,23853,0,0,0,0,0,0,0,0,0,8e886e03,8e886e03,"{""_index"":0,""HBST"":3}",8e8da903,0
BLOB,BLOB,0,23897,0,0,0,0,0,0,0,0,0,8e886e03,8e886e03,0,0,f4000200
BLOB,BLOB,0,23902,0,0,0,0,0,0,0,0,0,8e886e03,8e886e03,"{""_index"":0,""HBST"":3}",8e8da903,0
BLOB,BLOB,0,23933,0,0,0,0,0,0,0,0,0,8e886e03,8e886e03,"{""_index"":0,""QBCS"":10,""QBSS"":23,""QBTS"":29}",8e8da903,0
BLOB,BLOB,0,23935,0,0,0,0,0,0,0,0,0,8e886e03,8e886e03,0,0,f4000200
BLOB,BLOB,0,23940,0,0,0,0,0,0,0,0,0,8e886e03,8e886e03,"{""_index"":0,""BCCS"":1,""BCLS"":3,""HBST"":1}",8e8da903,0
BLOB,BLOB,0,23978,0,0,0,0,0,0,0,0,0,8e886e03,8e886e03,"{""_index"":0,""QBCS"":5,""QBSS"":23,""QBTS"":37}",8e8da903,0
BLOB,BLOB,0,24003,0,0,0,0,0,0,0,0,0,8e886e03,8e886e03,"{""_index"":0,""WRST"":2}",8e8da903,0
BLOB,BLOB,0,24445,0,0,0,0,0,0,0,0,0,8e886e03,8e886e03,"{""_index"":0,""QBCS"":10,""QBSS"":24,""QBTS"":41}",8e8da903,0
BLOB,BLOB,0,24507,0,0,0,0,0,0,0,0,0,8e886e03,8e886e03,0,0,f4000200
BLOB,BLOB,0,24530,0,0,0,0,0,0,0,0,0,8e886e03,8e886e03,"{""_index"":0,""QBCS"":5,""QBSS"":23,""QBTS"":37}",8e8da903,0
BLOB,BLOB,0,24557,0,0,0,0,0,0,0,0,0,8e886e03,8e886e03,"{""_index"":0,""WRST"":7}",8e8da903,0
BLOB,BLOB,0,24579,0,0,0,0,0,0,0,0,0,8e886e03,8e886e03,"{""_index"":0,""HBST"":1}",8e8da903,0
BLOB,BLOB,0,24580,0,0,0,0,0,0,0,0,0,8e886e03,8e886e03,0,0,f4000400
BLOB,BLOB,0,24596,0,0,0,0,0,0,0,0,0,8e886e03,8e886e03,"{""_index"":0,""WRST"":6}",8e8da903,0
BLOB,BLOB,0,24631,0,0,0,0,0,0,0,0,0,8e886e03,8e886e03,"{""_index"":0,""WRST"":6}",8e8da903,0
BLOB,BLOB,0,24635,0,0,0,0,0,0,0,0,0,8e886e03,8e886e03,"{""_index"":0,""WRST"":2}",8e8da903,0
BLOB,BLOB,0,24648,0,0,0,0,0,0,0,0,0,8e886e03,8e886e03,"{""_index"":0,""WRST"":16}",8e8da903,0
BLOB,BLOB,0,24649,0,0,0,0,0,0,0,0,0,8e886e03,8e886e03,"{""_index"":0,""QBCS"":8,""QBSS"":14,""QBTS"":18}",8e8da903,0
BLOB,BLOB,0,24655,0,0,0,0,0,0,0,0,0,8e886e03,8e886e03,0,0,f4000300
BLOB,BLOB,0,24672,0,0,0,0,0,0,0,0,0,8e886e03,8e886e03,"{""_index"":0,""WRST"":2}",8e8da903,0
BLOB,BLOB,0,24681,0,0,0,0,0,0,0,0,0,8e886e03,8e886e03,"{""_index"":0,""QBCS"":6,""QBSS"":24,""QBTS"":18}",8e8da903,0
BLOB,BLOB,0,24692,0,0,0,0,0,0,0,0,0,8e886e03,8e886e03,"{""_index"":0,""WRST"":8}",8e8da903,0
BLOB,BLOB,0,24695,0,0,0,0,0,0,0,0,0,8e886e03,8e886e03,"{""_index"":0,""WRST"":10}",8e8da903,0
BLOB,BLOB,0,24697,0,0,0,0,0,0,0,0,0,8e886e03,8e886e03,0,0,f4000400
BLOB,BLOB,0,24702,0,0,0,0,0,0,0,0,0,8e886e03,8e886e03,"{""_index"":0,""HBST"":1}",8e8da903,0
BLOB,BLOB,0,24789,0,0,0,0,0,0,0,0,0,8e886e03,8e886e03,"{""_index"":0,""QBCS"":2,""QBSS"":12,""QBTS"":37}",8e8da903,0
BLOB,BLOB,0,24828,0,0,0,0,0,0,0,0,0,8e886e03,8e886e03,"{""_index"":0,""QBCS"":9,""QBSS"":10,""QBTS"":37}",8e8da903,0
BLOB,BLOB,0,24831,0,0,0,0,0,0,0,0,0,8e886e03,8e886e03,"{""_index"":0,""WRST"":2}",8e8da903,0
BLOB,BLOB,0,24874,0,0,0,0,0,0,0,0,0,8e886e03,8e886e03,"{""_index"":0,""WRST"":16}",8e8da903,0
BLOB,BLOB,0,24913,0,0,0,0,0,0,0,0,0,8e886e03,8e886e03,"{""_index"":0,""QBCS"":8,""QBSS"":12,""QBTS"":12}",8e8da903,0
BLOB,BLOB,0,24915,0,0,0,0,0,0,0,0,0,8e886e03,8e886e03,"{""_index"":0,""BCLS"":7,""WRST"":9}",8e8da903,0
BLOB,BLOB,0,24922,0,0,0,0,0,0,0,0,0,8e886e03,8e886e03,"{""_index"":0,""HBST"":1}",8e8da903,0
BLOB,BLOB,0,24929,0,0,0,0,0,0,0,0,0,8e886e03,8e886e03,"{""_index"":0,""HBST"":1}",8e8da903,0
BLOB,BLOB,0,24939,0,0,0,0,0,0,0,0,0,8e886e03,8e886e03,"{""_index"":0,""QBCS"":9,""QBSS"":14,""QBTS"":33}",8e8da903,0
BLOB,BLOB,0,24949,0,0,0,0,0,0,0,0,0,8e886e03,8e886e03,"{""_index"":0,""HBST"":1}",8e8da903,0
BLOB,BLOB,0,24950,0,0,0,0,0,0,0,0,0,8e886e03,8e886e03,"{""_index"":0,""HBST"":4,""WRST"":13}",8e8da903,0
BLOB,BLOB,0,24951,0,0,0,0,0,0,0,0,0,8e886e03,8e886e03,"{""_index"":0,""WRST"":8}",8e8da903,0
BLOB,BLOB,0,24953,0,0,0,0,0,0,0,0,0,8e886e03,8e886e03,0,0,f4000100
BLOB,BLOB,0,24958,0,0,0,0,0,0,0,0,0,8e886e03,8e886e03,"{""_index"":0,""HBST"":1}",8e8da903,0
BLOB,BLOB,0,25057,0,0,0,0,0,0,0,0,0,8e886e03,8e886e03,"{""_index"":0,""HBST"":4}",8e8da903,0
BLOB,BLOB,0,25075,0,0,0,0,0,0,0,0,0,8e886e03,8e886e03,"{""_index"":0,""QBCS"":9,""QBSS"":10,""QBTS"":27}",8e8da903,0
BLOB,BLOB,0,25078,0,0,0,0,0,0,0,0,0,8e886e03,8e886e03,"{""_index"":0,""QBTS"":41}",8e8da903,0
BLOB,BLOB,0,25090,0,0,0,0,0,0,0,0,0,8e886e03,8e886e03,"{""_index"":0,""WRST"":6}",8e8da903,0
BLOB,BLOB,0,25166,0,0,0,0,0,0,0,0,0,8e886e03,8e886e03,"{""_index"":0,""HBST"":1}",8e8da903,0
BLOB,BLOB,0,25175,0,0,0,0,0,0,0,0,0,8e886e03,8e886e03,"{""_index"":0,""QBCS"":1,""QBSS"":14,""QBTS"":23}",8e8da903,0
BLOB,BLOB,0,25181,0,0,0,0,0,0,0,0,0,8e886e03,8e886e03,"{""_index"":0,""HBST"":1}",8e8da903,0
BLOB,BLOB,0,25221,0,0,0,0,0,0,0,0,0,8e886e03,8e886e03,"{""_index"":0,""BCCS"":2,""HBST"":3}",8e8da903,0
BLOB,BLOB,0,25249,0,0,0,0,0,0,0,0,0,8e886e03,8e886e03,"{""_index"":0,""WRST"":16}",8e8da903,0
BLOB,BLOB,0,25270,0,0,0,0,0,0,0,0,0,8e886e03,8e886e03,"{""_index"":0,""BCLS"":10,""HBST"":1}",8e8da903,0
BLOB,BLOB,0,25276,0,0,0,0,0,0,0,0,0,8e886e03,8e886e03,"{""_index"":0,""QBCS"":3,""QBSS"":24,""QBTS"":39}",8e8da903,0
BLOB,BLOB,0,25282,0,0,0,0,0,0,0,0,0,8e886e03,8e886e03,"{""_index"":0,""WRST"":11}",8e8da903,0
BLOB,BLOB,0,25293,0,0,0,0,0,0,0,0,0,8e886e03,8e886e03,"{""_index"":0,""QBCS"":1,""QBSS"":24,""QBTS"":27}",8e8da903,0
BLOB,BLOB,0,25319,0,0,0,0,0,0,0,0,0,8e886e03,8e886e03,"{""_index"":0,""BCCS"":2,""BCLS"":3,""HBST"":3}",8e8da903,0
BLOB,BLOB,0,25341,0,0,0,0,0,0,0,0,0,8e886e03,8e886e03,"{""_index"":0,""BCLS"":10,""HBST"":1}",8e8da903,0
BLOB,BLOB,0,25344,0,0,0,0,0,0,0,0,0,8e886e03,8e886e03,"{""_index"":0,""QBCS"":10,""QBSS"":14,""QBTS"":24}",8e8da903,0
BLOB,BLOB,0,25350,0,0,0,0,0,0,0,0,0,8e886e03,8e886e03,"{""_index"":0,""HBST"":1}",8e8da903,0
BLOB,BLOB,0,25362,0,0,0,0,0,0,0,0,0,8e886e03,8e886e03,"{""_index"":0,""QBCS"":7,""QBSS"":14,""QBTS"":38}",8e8da903,0
BLOB,BLOB,0,25386,0,0,0,0,0,0,0,0,0,8e886e03,8e886e03,"{""_index"":0,""QBCS"":5,""QBSS"":10,""QBTS"":25}",8e8da903,0
BLOB,BLOB,0,25401,0,0,0,0,0,0,0,0,0,8e886e03,8e886e03,0,0,f4000100
BLOB,BLOB,0,25481,0,0,0,0,0,0,0,0,0,8e886e03,8e886e03,"{""_index"":0,""QBCS"":8,""QBSS"":11,""QBTS"":14}",8e8da903,0
BLOB,BLOB,0,25511,0,0,0,0,0,0,0,0,0,8e886e03,8e886e03,"{""_index"":0,""WRST"":9}",8e8da903,0
BLOB,BLOB,0,25532,0,0,0,0,0,0,0,0,0,8e886e03,8e886e03,0,0,f4000200
BLOB,BLOB,0,25602,0,0,0,0,0,0,0,0,0,8e886e03,8e886e03,"{""_index"":0,""HBST"":3}",8e8da903,0
BLOB,BLOB,0,25663,0,0,0,0,0,0,0,0,0,8e886e03,8e886e03,"{""_index"":0,""QBCS"":6,""QBSS"":14,""QBTS"":21}",8e8da903,0
BLOB,BLOB,0,25736,0,0,0,0,0,0,0,0,0,8e886e03,8e886e03,"{""_index"":0,""BCCS"":1,""BCLS"":8,""HBST"":1}",8e8da903,0
BLOB,BLOB,0,27500,0,0,0,0,0,0,0,0,0,8e886e03,8e886e03,"{""_index"":0,""QBTS"":39}",8e8da903,0
BLOB,BLOB,0,27502,0,0,0,0,0,0,0,0,0,8e886e03,8e886e03,"{""_index"":0,""WRST"":9}",8e8da903,0
BLOB,BLOB,0,27547,0,0,0,0,0,0,0,0,0,8e886e03,8e886e03,"{""_index"":0,""HBST"":1}",8e8da903,0
BLOB,BLOB,0,27682,0,0,0,0,0,0,0,0,0,8e886e03,8e886e03,0,0,f4000100
BLOB,BLOB,0,27723,0,0,0,0,0,0,0,0,0,8e886e03,8e886e03,"{""_index"":0,""WRST"":9}",8e8da903,0
BLOB,BLOB,0,27736,0,0,0,0,0,0,0,0,0,8e886e03,8e886e03,"{""_index"":0,""WRST"":6}",8e8da903,0
BLOB,BLOB,0,27739,0,0,0,0,0,0,0,0,0,8e886e03,8e886e03,"{""_index"":0,""BCLS"":10,""HBST"":4}",8e8da903,0
BLOB,BLOB,0,27887,0,0,0,0,0,0,0,0,0,8e886e03,8e886e03,"{""_index"":0,""HBST"":1}",8e8da903,0
BLOB,BLOB,0,27944,0,0,0,0,0,0,0,0,0,8e886e03,8e886e03,"{""_index"":0,""HBST"":1}",8e8da903,0
BLOB,BLOB,0,27992,0,0,0,0,0,0,0,0,0,8e886e03,8e886e03,"{""_index"":0,""WRST"":16}",8e8da903,0
BLOB,BLOB,0,28226,0,0,0,0,0,0,0,0,0,8e886e03,8e886e03,"{""_index"":0,""QBCS"":10,""QBSS"":18,""QBTS"":35}",8e8da903,0
BLOB,BLOB,0,28386,0,0,0,0,0,0,0,0,0,8e886e03,8e886e03,"{""_index"":0,""BCLS"":8,""HBST"":1}",8e8da903,0
BLOB,BLOB,0,28496,0,0,0,0,0,0,0,0,0,8e886e03,8e886e03,"{""_index"":0,""QBCS"":3,""QBSS"":23}",8e8da903,0
BLOB,BLOB,0,28908,0,0,0,0,0,0,0,0,0,8e886e03,8e886e03,"{""_index"":0,""WRST"":13}",8e8da903,0
BLOB,BLOB,0,28910,0,0,0,0,0,0,0,0,0,8e886e03,8e886e03,"{""_index"":0,""BCLS"":8,""HBST"":1}",8e8da903,0
BLOB,BLOB,0,28927,0,0,0,0,0,0,0,0,0,8e886e03,8e886e03,"{""_index"":0,""WRST"":9}",8e8da903,0
BLOB,BLOB,0,28934,0,0,0,0,0,0,0,0,0,8e886e03,8e886e03,0,0,f4000200
BLOB,BLOB,0,28938,0,0,0,0,0,0,0,0,0,8e886e03,8e886e03,"{""_index"":0,""HBST"":3}",8e8da903,0
BLOB,BLOB,0,28999,0,0,0,0,0,0,0,0,0,8e886e03,8e886e03,"{""_index"":0,""BCLS"":8,""HBST"":1}",8e8da903,0
BLOB,BLOB,0,29024,0,0,0,0,0,0,0,0,0,8e886e03,8e886e03,"{""_index"":0,""WRST"":6}",8e8da903,0
BLOB,BLOB,0,29053,0,0,0,0,0,0,0,0,0,8e886e03,8e886e03,"{""_index"":0,""QBCS"":9,""QBSS"":14,""QBTS"":25}",8e8da903,0
BLOB,BLOB,0,29115,0,0,0,0,0,0,0,0,0,8e886e03,8e886e03,"{""_index"":0,""HBST"":4}",8e8da903,0
BLOB,BLOB,0,29138,0,0,0,0,0,0,0,0,0,8e886e03,8e886e03,"{""_index"":0,""QBCS"":1,""QBSS"":15,""QBTS"":27}",8e8da903,0
BLOB,BLOB,0,29158,0,0,0,0,0,0,0,0,0,8e886e03,8e886e03,"{""_index"":0,""WRST"":14}",8e8da903,0
BLOB,BLOB,0,29171,0,0,0,0,0,0,0,0,0,8e886e03,8e886e03,"{""_index"":0,""HBST"":3}",8e8da903,0
BLOB,BLOB,0,29217,0,0,0,0,0,0,0,0,0,8e886e03,8e886e03,"{""_index"":0,""QBCS"":8,""QBSS"":24,""QBTS"":36}",8e8da903,0
BLOB,BLOB,0,29266,0,0,0,0,0,0,0,0,0,8e886e03,8e886e03,"{""_index"":0,""BCLS"":10,""WRST"":14}",8e8da903,0
BLOB,BLOB,0,29285,0,0,0,0,0,0,0,0,0,8e886e03,8e886e03,"{""_index"":0,""BCLS"":10,""WRST"":11}",8e8da903,0
BLOB,BLOB,0,29301,0,0,0,0,0,0,0,0,0,8e886e03,8e886e03,"{""_index"":0,""WRST"":9}",8e8da903,0
BLOB,BLOB,0,29353,0,0,0,0,0,0,0,0,0,8e886e03,8e886e03,0,0,f4000400
BLOB,BLOB,0,29385,0,0,0,0,0,0,0,0,0,8e886e03,8e886e03,"{""_index"":0,""QBTS"":21}",8e8da903,0
BLOB,BLOB,0,29387,0,0,0,0,0,0,0,0,0,8e886e03,8e886e03,"{""_index"":0,""WRST"":11}",8e8da903,0
BLOB,BLOB,0,29414,0,0,0,0,0,0,0,0,0,8e886e03,8e886e03,"{""_index"":0,""WRST"":14}",8e8da903,0
BLOB,BLOB,0,29437,0,0,0,0,0,0,0,0,0,8e886e03,8e886e03,"{""_index"":0,""BCLS"":8,""HBST"":1}",8e8da903,0
BLOB,BLOB,0,29442,0,0,0,0,0,0,0,0,0,8e886e03,8e886e03,"{""_index"":0,""QBCS"":9,""QBSS"":14,""QBTS"":25}",8e8da903,0
BLOB,BLOB,0,29482,0,0,0,0,0,0,0,0,0,8e886e03,8e886e03,"{""_index"":0,""QBCS"":6,""QBSS"":14,""QBTS"":41}",8e8da903,0
BLOB,BLOB,0,29503,0,0,0,0,0,0,0,0,0,8e886e03,8e886e03,"{""_index"":0,""QBCS"":8,""QBSS"":2,""QBTS"":25}",8e8da903,0
BLOB,BLOB,0,30524,0,0,0,0,0,0,0,0,0,8e886e03,8e886e03,"{""_index"":0,""QBCS"":3,""QBSS"":2,""QBTS"":5}",8e8da903,0
BLOB,BLOB,0,30541,0,0,0,0,0,0,0,0,0,8e886e03,8e886e03,"{""_index"":0,""LBST"":4}",8e8da903,0
BLOB,BLOB,0,30544,0,0,0,0,0,0,0,0,0,8e886e03,8e886e03,"{""_index"":0,""HBST"":4}",8e8da903,0
BLOB,BLOB,0,30578,0,0,0,0,0,0,0,0,0,8e886e03,8e886e03,"{""_index"":0,""QBCS"":6,""QBSS"":7,""QBTS"":19}",8e8da903,0
BLOB,BLOB,0,30736,0,0,0,0,0,0,0,0,0,8e886e03,8e886e03,"{""_index"":0,""QBCS"":3,""QBSS"":14,""QBTS"":25}",8e8da903,0
BLOB,BLOB,0,30886,0,0,0,0,0,0,0,0,0,8e886e03,8e886e03,"{""_index"":0,""HBST"":1}",8e8da903,0
BLOB,BLOB,0,30918,0,0,0,0,0,0,0,0,0,8e886e03,8e886e03,"{""_index"":0,""BCLS"":10,""WRST"":8}",8e8da903,0
BLOB,BLOB,0,30946,0,0,0,0,0,0,0,0,0,8e886e03,8e886e03,"{""_index"":0,""WRST"":11}",8e8da903,0
BLOB,BLOB,0,31014,0,0,0,0,0,0,0,0,0,8e886e03,8e886e03,"{""_index"":0,""WRST"":16}",8e8da903,0
BLOB,BLOB,0,31062,0,0,0,0,0,0,0,0,0,8e886e03,8e886e03,"{""_index"":0,""BCLS"":7,""WRST"":6}",8e8da903,0
BLOB,BLOB,0,31172,0,0,0,0,0,0,0,0,0,8e886e03,8e886e03,"{""_index"":0,""WRST"":7}",8e8da903,0
BLOB,BLOB,0,31242,0,0,0,0,0,0,0,0,0,8e886e03,8e886e03,"{""_index"":0,""QBCS"":6,""QBSS"":14,""QBTS"":4}",8e8da903,0
BLOB,BLOB,0,31274,0,0,0,0,0,0,0,0,0,8e886e03,8e886e03,"{""_index"":0,""HBST"":1}",8e8da903,0
BLOB,BLOB,0,31281,0,0,0,0,0,0,0,0,0,8e886e03,8e886e03,"{""_index"":0,""BCCS"":1,""BCLS"":3,""HBST"":3}",8e8da903,0
BLOB,BLOB,0,31371,0,0,0,0,0,0,0,0,0,8e886e03,8e886e03,"{""_index"":0,""HBST"":1}",8e8da903,0
BLOB,BLOB,0,31386,0,0,0,0,0,0,0,0,0,8e886e03,8e886e03,"{""_index"":0,""WRST"":4}",8e8da903,0
BLOB,BLOB,0,31416,0,0,0,0,0,0,0,0,0,8e886e03,8e886e03,"{""_index"":0,""HBST"":3}",8e8da903,0
BLOB,BLOB,0,31535,0,0,0,0,0,0,0,0,0,8e886e03,8e886e03,"{""_index"":0,""QBCS"":1,""QBSS"":11,""QBTS"":24}",8e8da903,0
BLOB,BLOB,0,32822,0,0,0,0,0,0,0,0,0,8e886e03,8e886e03,"{""_index"":0,""WRST"":6}",8e8da903,0
BLOB,BLOB,0,33047,0,0,0,0,0,0,0,0,0,8e886e03,8e886e03,"{""_index"":0,""HBST"":4}",8e8da903,0
BLOB,BLOB,0,33048,0,0,0,0,0,0,0,0,0,8e886e03,8e886e03,"{""_index"":0,""WRST"":11}",8e8da903,0
BLOB,BLOB,0,33067,0,0,0,0,0,0,0,0,0,8e886e03,8e886e03,"{""_index"":0,""HBST"":1}",8e8da903,0
BLOB,BLOB,0,33076,0,0,0,0,0,0,0,0,0,8e886e03,8e886e03,"{""_index"":0,""BCLS"":10,""CBST"":2}",8e8da903,0
BLOB,BLOB,0,33104,0,0,0,0,0,0,0,0,0,8e886e03,8e886e03,"{""_index"":0,""HBST"":3}",8e8da903,0
BLOB,BLOB,0,33236,0,0,0,0,0,0,0,0,0,8e886e03,8e886e03,"{""_index"":0,""QBCS"":9,""QBSS"":10,""QBTS"":7}",8e8da903,0
BLOB,BLOB,0,33485,0,0,0,0,0,0,0,0,0,8e886e03,8e886e03,"{""_index"":0,""BCLS"":10,""CBST"":2}",8e8da903,0
BLOB,BLOB,0,33502,0,0,0,0,0,0,0,0,0,8e886e03,8e886e03,"{""_index"":0,""BCLS"":10,""WRST"":6}",8e8da903,0
BLOB,BLOB,0,33561,0,0,0,0,0,0,0,0,0,8e886e03,8e886e03,"{""_index"":0,""QBCS"":1,""QBSS"":18,""QBTS"":43}",8e8da903,0
BLOB,BLOB,0,33633,0,0,0,0,0,0,0,0,0,8e886e03,8e886e03,"{""_index"":0,""BCLS"":10,""WRST"":15}",8e8da903,0
BLOB,BLOB,0,33682,0,0,0,0,0,0,0,0,0,8e886e03,8e886e03,"{""_index"":0,""BCLS"":7,""WRST"":9}",8e8da903,0
BLOB,BLOB,0,33762,0,0,0,0,0,0,0,0,0,8e886e03,8e886e03,"{""_index"":0,""WRST"":9}",8e8da903,0
BLOB,BLOB,0,33763,0,0,0,0,0,0,0,0,0,8e886e03,8e886e03,"{""_index"":0,""HBST"":3}",8e8da903,0
BLOB,BLOB,0,33769,0,0,0,0,0,0,0,0,0,8e886e03,8e886e03,"{""_index"":0,""BCLS"":10,""WRST"":6}",8e8da903,0
BLOB,BLOB,0,33828,0,0,0,0,0,0,0,0,0,8e886e03,8e886e03,"{""_index"":0,""QBTS"":21}",8e8da903,0
BLOB,BLOB,0,33875,0,0,0,0,0,0,0,0,0,8e886e03,8e886e03,"{""_index"":0,""BCLS"":7,""WRST"":14}",8e8da903,0
BLOB,BLOB,0,33882,0,0,0,0,0,0,0,0,0,8e886e03,8e886e03,"{""_index"":0,""WRST"":11}",8e8da903,0
BLOB,BLOB,0,33891,0,0,0,0,0,0,0,0,0,8e886e03,8e886e03,"{""_index"":0,""BCCS"":2,""HBST"":1}",8e8da903,0
BLOB,BLOB,0,33984,0,0,0,0,0,0,0,0,0,8e886e03,8e886e03,"{""_index"":0,""WRST"":7}",8e8da903,0
BLOB,BLOB,0,34000,0,0,0,0,0,0,0,0,0,8e886e03,8e886e03,"{""_index"":0,""WRST"":9}",8e8da903,0
BLOB,BLOB,0,34293,0,0,0,0,0,0,0,0,0,8e886e03,8e886e03,"{""_index"":0,""WRST"":6}",8e8da903,0
BLOB,BLOB,0,34310,0,0,0,0,0,0,0,0,0,8e886e03,8e886e03,"{""_index"":0,""WRST"":6}",8e8da903,0
BLOB,BLOB,0,34311,0,0,0,0,0,0,0,0,0,8e886e03,8e886e03,"{""_index"":0,""BCLS"":10,""WRST"":2}",8e8da903,0
BLOB,BLOB,0,34505,0,0,0,0,0,0,0,0,0,8e886e03,8e886e03,"{""_index"":0,""WRST"":11}",8e8da903,0
BLOB,BLOB,0,34572,0,0,0,0,0,0,0,0,0,8e886e03,8e886e03,"{""_index"":0,""HBST"":4}",8e8da903,0
BLOB,BLOB,0,34574,0,0,0,0,0,0,0,0,0,8e886e03,8e886e03,"{""_index"":0,""BCCS"":2,""HBST"":1}",8e8da903,0
BLOB,BLOB,0,34575,0,0,0,0,0,0,0,0,0,8e886e03,8e886e03,"{""_index"":0,""WRST"":19}",8e8da903,0
BLOB,BLOB,0,200891,0,0,0,0,0,0,0,0,0,8e886e03,8e886e03,"{""_index"":0,""QBCS"":3,""QBSS"":10,""QBTS"":27}",8e8da903,0
BLOB,BLOB,0,201504,0,0,0,0,0,0,0,0,0,8e886e03,8e886e03,"{""_index"":0,""QBTS"":29}",8e8da903,0
BLOB,BLOB,0,201506,0,0,0,0,0,0,0,0,0,8e886e03,8e886e03,"{""_index"":0,""QBTS"":38}",8e8da903,0
BLOB,BLOB,0,201507,0,0,0,0,0,0,0,0,0,8e886e03,8e886e03,"{""_index"":0,""QBTS"":37}",8e8da903,0
BLOB,BLOB,0,201510,0,0,0,0,0,0,0,0,0,8e886e03,8e886e03,"{""_index"":0,""QBTS"":22}",8e8da903,0
BLOB,BLOB,0,201536,0,0,0,0,0,0,0,0,0,8e886e03,8e886e03,"{""_index"":0,""QBTS"":38}",8e8da903,0
BLOB,BLOB,0,201554,0,0,0,0,0,0,0,0,0,8e886e03,8e886e03,"{""_index"":0,""QBTS"":36}",8e8da903,0
BLOB,BLOB,0,201903,0,0,0,0,0,0,0,0,0,8e886e03,8e886e03,"{""_index"":0,""WRST"":9}",8e8da903,0
BLOB,BLOB,0,205076,0,0,0,0,0,0,0,0,0,8e886e03,8e886e03,"{""_index"":0,""QBCS"":2,""QBSS"":14,""QBTS"":27}",8e8da903,0
BLOB,BLOB,0,206710,0,0,0,0,0,0,0,0,0,8e886e03,8e886e03,"{""_index"":0,""QBCS"":1,""QBSS"":14,""QBTS"":18}",8e8da903,0
BLOB,BLOB,0,206817,0,0,0,0,0,0,0,0,0,8e886e03,8e886e03,"{""_index"":0,""QBCS"":6,""QBSS"":6,""QBTS"":38}",8e8da903,0
