_parent_table_path,_parent_table_name,_parent_record_index,_index,CGID,CYID,DGID,DISN,IMIL,SGID,SID1,TAFL,TALG,TAPP,TASN,TB2B,TB2G,TB2R,TBCB,TBCG,TBCR,TCRP,TDAN,TDNA,TDPB,TFLO,TGID,THAR,THPS,THSC,TLGO,TLNA,TLRR,TLSA,TMAN,TMHO,TMHT,TMID,TMNC,TMOT,TMSO,TMST,TNCI,TOID,TOPB,TORD,TPFN,TPLE,TRDB,TRDE,TRDL,TRLB,TROF,TROL,TROV,TRQB,TRRB,TRST,TRV1,TRV2,TRV3,TSNA,TSNS,TTPC,TUAN,TUFP,TUHO,TVIS,TWRR,TYSE,TYSF
BLOB,BLOB,1,0,7,74,12,7,1,500,1023,,,,AIRFOR,178,180,178,149,53,,,teamdb_af,Air Force,521,,1100,77,,1,,Air Force,,,AFA,#FlyFightWin,#BoltBrotherhood,43,Falcons,false,Fly Fight Win,Bolt Brotherhood,77,1100,200,,AFA,3,70,70,72,70,70,70,70,77,71,73,1108,1166,1124,AFA,98,98,AIRFOR,AFA,15,,68,1954,1956
BLOB,BLOB,1,1,6,75,2,7,,501,1023,,1,,AKRONX,132,183,198,67,30,4,1,teamdb_zips,Akron,508,,1101,121,,1,1,Akron,,1,AKR,#ZipEmUp,#GoZips,44,Zips,Fiat Lux,Zip Em Up,Go Zips,78,1101,201,1,AKR,10,71,71,74,70,75,72,73,74,83,80,1148,1177,1114,AKRN,132,112,AKRONX,AKR,15,,79,1870,1891
BLOB,BLOB,1,2,9,77,4,7,,502,1023,,2,,ALBAMA,255,255,255,57,8,179,3,teamdb_bama,Alabama,521,,1102,5,,1,2,Alabama,,2,ALA,#RollTide,#RammerJammer,45,Crimson Tide,,Roll Tide,Rammer Jammer,79,1102,202,2,ALA,,89,87,86,75,83,80,85,82,83,88,1109,1201,1154,BAMA,13,5,ALBAMA,ALA,15,,87,1831,1892
BLOB,BLOB,1,3,10,84,14,,,503,1023,1,3,,APPSTA,,205,254,,,,,teamdb_app,App St.,523,1,1103,79,,1,3,Appalachian State,,3,APP,#GoApp,#TheRock,46,Mountaineers,Esse quam videri,Go App,The Rock,80,1103,203,3,APP,2,74,72,71,75,72,73,72,73,81,78,1135,1155,1119,APP,91,44,APPSTA,APP,,1,72,1899,1928
BLOB,BLOB,1,4,2,85,17,7,,504,1023,,4,,ARIZON,51,32,193,87,41,25,6,teamdb_ariz,Arizona,501,,1104,51,1,1,4,Arizona,,4,ARIZ,#BearDown,#Wildcat4Life,54,Wildcats,Bear Down,Bear Down,Wildcat4Life,81,1104,205,4,ARIZ,2,80,81,80,79,82,78,81,90,83,81,1105,1170,1205,ZONA,32,69,ARIZON,ARIZ,15,,79,1885,1899
BLOB,BLOB,1,5,2,86,17,7,,505,1023,,5,1,AZSTAT,40,198,255,65,29,140,12,teamdb_asu,Arizona State,527,,1105,40,,1,5,Arizona State,2,5,ASU,#ForksUp,#GoDevils,56,Sun Devils,Ditat Deus,Forks Up,Go Devils,82,1105,204,5,ASU,10,83,83,84,78,78,75,81,79,81,80,1104,1218,1116,ASU,45,39,AZSTAT,ASU,15,,85,1885,1897
BLOB,BLOB,1,6,9,88,4,7,,506,1023,,6,,ARKANS,255,255,255,55,33,163,7,teamdb_ark,Arkansas,517,,1106,23,1,1,6,Arkansas,,6,ARK,#WoooPigSooie,#GoHogs,58,Razorbacks,Veritate duce progredi,Wooo Pig Sooie,Go Hogs,83,1106,207,6,ARK,12,81,82,83,78,81,78,81,74,88,88,1154,1203,1202,ARK,55,29,ARKANS,ARK,15,,84,1871,1894
BLOB,BLOB,1,7,10,89,15,7,,507,1023,,7,1,ARKSTX,32,31,35,45,14,206,9,teamdb_arkst,Arkansas State,507,,1107,96,,1,7,Arkansas State,,7,ARST,#WolvesUp,#OnePack,60,Red Wolves,"Educate, Enhance, Enrich",Wolves Up,One Pack,84,1107,206,7,ARST,6,72,71,73,69,76,75,73,73,80,87,1157,1151,1213,ARST,90,96,ARKSTX,ARST,15,,82,1909,1911
BLOB,BLOB,1,8,3,149,16,7,1,508,1023,,8,,ARMYXX,141,188,211,41,42,44,10,teamdb_army,Army,508,,1108,69,1,1,8,Army,,8,ARMY,#GoArmy,#BEATnavy,61,Black Knights,"Duty, Honor, Country",Go Army,BEAT navy,85,1108,208,8,ARMY,255,76,73,76,66,72,73,72,80,76,73,1166,1100,1176,ARMY,53,84,ARMYXX,ARMY,15,,70,1802,1890
BLOB,BLOB,1,9,9,91,4,7,,509,1023,,9,,AUBURN,36,75,240,63,34,13,11,teamdb_aub,Auburn,502,,1109,11,,1,9,Auburn,,9,AUB,#WarEagle,#AuburnMade,84,Tigers,War Eagle,War Eagle,Auburn Made,86,1109,209,9,AUB,8,80,81,81,77,86,79,83,89,89,91,1102,1154,1134,AUB,30,14,AUBURN,AUB,15,,86,1856,1892
BLOB,BLOB,1,10,6,92,2,7,,510,1023,,10,,BALLST,,,,48,12,186,13,teamdb_ball,Ball State,508,,1110,133,,1,10,Ball State,,10,BALL,#WeFly,#ChirpChirp,87,Cardinals,We Fly,We Fly,Chirp Chirp,87,1110,210,10,BALL,7,73,71,74,70,72,73,72,73,76,76,1174,1159,1206,BALL,115,129,BALLST,BALL,15,,76,1918,1924
BLOB,BLOB,1,11,2,93,17,7,,511,1023,,11,,BAYLOR,29,188,255,53,71,21,14,teamdb_bay,Baylor,514,,1111,45,,1,11,Baylor,,11,BAY,#SicEm,#BaylorLine,88,Bears,"Pro Ecclesia, Pro Texana",Sic Em,Baylor Line,88,1111,211,11,BAY,12,79,76,75,70,78,72,77,83,82,78,1199,1205,1203,BAY,72,51,BAYLOR,BAY,15,,81,1845,1899
BLOB,BLOB,1,12,8,95,,7,,512,1023,,12,,BOISES,36,75,240,141,70,25,16,teamdb_boise,Boise State,523,,1112,67,,1,12,Boise State,2,12,BSU,#BleedBlue,#BuiltDifferent,89,Broncos,Splendor Sine Occasu,Bleed Blue,Built Different,89,1112,212,12,BSU,1,76,76,80,69,78,72,77,85,86,86,1133,1169,1227,BOI,48,30,BOISES,BSU,15,,77,1932,1933
BLOB,BLOB,1,13,,96,6,7,,513,1023,,13,4,BOSTON,166,204,219,51,35,140,17,teamdb_bc,Boston College,505,,1113,62,,1,13,Boston College,,13,BC,#ForBoston,#GoEagles,90,Eagles,Ever to Excel,For Boston,Go Eagles,90,1113,213,13,BC,9,82,78,78,72,78,75,78,76,86,83,1198,1176,1121,BC,82,76,BOSTON,BC,15,,76,1863,1893
BLOB,BLOB,1,14,6,97,2,7,,514,1023,,14,,BOWLGR,29,44,79,,80,253,18,teamdb_bgsu,Bowling Green,523,,1114,120,,1,14,Bowling Green,,14,BGSU,#AyZiggy,#TalonsUp,91,Falcons,A public university for the public good,Ay Ziggy,Talons Up,77,1114,214,14,BGSU,4,73,71,75,67,70,67,71,74,78,78,1206,1148,1177,BGSU,114,114,BOWLGR,BGSU,15,,72,1910,1919
BLOB,BLOB,1,15,6,99,2,7,,515,1023,,15,,BUFFAL,255,255,255,185,110,,20,teamdb_buff,Buffalo,524,,1115,114,,1,15,Buffalo,,15,BUFF,#UBhornsUP,#UBuffalo,94,Bulls,Mens Sana in Corpore Sano,UB Horns UP,UBuffalo,91,1115,215,15,BUFF,7,78,72,71,67,70,70,71,69,76,81,1214,1177,1200,BUFF,118,117,BUFFAL,BUFF,15,,77,1846,1894
BLOB,BLOB,1,16,2,101,17,7,,516,1023,,16,,BYUXXX,255,255,255,145,75,15,21,teamdb_byu,BYU,529,,1116,25,,1,16,BYU,,16,BYU,#GoCougs,#RiseandRoar,95,Cougars,Enter to learn; go forth to serve,Go Cougs,Rise and Roar,92,1116,216,16,BYU,11,86,85,80,82,86,84,85,84,92,82,1218,1219,1232,BYU,12,29,BYUXXX,BYU,15,,81,1875,1922
BLOB,BLOB,1,17,,102,6,7,,517,1023,,17,,CALXXX,47,197,255,64,31,9,22,teamdb_cal,California,504,,1117,53,,1,17,California,,17,CAL,#GoBears,#Blue&Gold,99,Golden Bears,Fiat Lux,Go Bears,Blue & Gold,93,1117,217,17,CAL,6,80,77,77,71,83,76,80,85,79,77,1197,1212,1216,CAL,39,67,CALXXX,CAL,15,,88,1868,1886
BLOB,BLOB,1,18,6,103,2,7,,518,1023,,18,1,CMICHI,47,200,255,51,,106,25,teamdb_cmu,C. Michigan,521,,1118,125,,1,18,Central Michigan,,18,,#FireUpChips,#Maroon&Gold,,Chippewas,"Sapientia, Virtus, Amicitia",Fire Up Chips,Maroon & Gold,94,1118,218,18,CMU,6,72,70,72,70,72,71,71,73,76,83,1127,1230,1206,CMU,84,124,CMICHI,CMU,15,,78,1892,1896
BLOB,BLOB,1,19,3,11,16,,,519,1023,1,19,,CHARLO,103,151,169,64,87,,,teamdb_charlotte,Charlotte,526,1,1119,129,,1,19,Charlotte,,19,CHAR,#GoldStandard,#PicksUp,102,49ers,,Gold Standard,Picks Up,95,1119,219,19,CHAR,10,72,70,70,71,73,72,72,74,77,78,1103,1181,1128,CLT,119,105,CHARLO,CHAR,,1,80,1946,2013
BLOB,BLOB,1,20,2,112,17,7,,520,1023,,20,,CINCIN,46,32,208,32,31,35,23,teamdb_cin,Cincinnati,508,,1120,66,,1,20,Cincinnati,,20,CIN,#GoBearcats,#Red&Black,103,Bearcats,Juncta Juvant,Go Bearcats,Red & Black,96,1120,220,20,CIN,13,82,76,73,71,80,76,78,78,83,78,1211,1153,1159,CIN,44,52,CINCIN,CIN,15,,81,1819,1885
BLOB,BLOB,1,21,,113,6,7,,521,1023,,21,,clemson,255,255,255,,102,245,24,teamdb_clemson,Clemson,508,,1121,14,1,1,21,Clemson,1,21,CLEM,#ALLIN,#DeathValley,104,Tigers,Who shall separate us now?,ALL IN,Death Valley,86,1121,221,21,CLEM,6,84,85,84,81,80,76,81,76,82,86,1195,1132,1137,CLEM,31,9,clemson,CLEM,15,,87,1889,1896
BLOB,BLOB,1,22,10,413,14,,,522,1023,1,22,2,COACAR,79,109,143,120,112,,26,teamdb_ccu,C. Carolina,525,1,1122,128,,1,22,Coastal Carolina,,22,CCAR,#ChantsUp,#TeamSwarm,105,Chanticleers,Ex Libertate Veritas,Chants Up,Teal Swarm,97,1122,222,22,CCAR,2,73,72,75,71,72,72,72,71,78,78,1150,1103,1135,CCAR,112,78,COACAR,CCAR,,1,77,1954,2003
BLOB,BLOB,1,23,2,114,17,7,,523,1023,,23,,COLORA,131,183,197,32,31,35,26,teamdb_cu,Colorado,524,,1123,44,,1,23,Colorado,,23,COLO,#GoBuffs,#Gold&Black,106,Buffaloes,Let Your Light Shine,Go Buffs,Gold & Black,98,1123,224,23,COLO,11,83,82,77,83,81,76,81,79,82,80,1124,1218,1168,CU,80,62,COLORA,COLO,15,,88,1876,1890
BLOB,BLOB,1,24,8,46,,7,,524,1023,,24,2,COLOST,114,195,200,44,77,30,27,teamdb_csu,Colorado State,502,,1124,75,,1,24,Colorado State,,24,CSU,#CSURams,#Relentless,107,Rams,"Education, Service, Research, Extension",CSU Rams,Relentless,99,1124,223,24,CSU,8,73,73,73,73,72,68,72,75,80,82,1123,1100,1232,CSU,81,94,COLOST,CSU,15,,80,1870,1893
BLOB,BLOB,1,25,5,215,18,7,,525,1023,,25,,UCONNX,255,255,255,63,35,10,126,teamdb_uconn,UConn,530,,1125,93,,1,25,UConn,,25,CONN,#GoHuskies,#Navy&White,272,Huskies,Robur,Go Huskies,Navy & White,100,1125,312,117,CONN,255,71,73,76,75,73,73,73,74,81,78,1214,1198,1113,CONN,121,113,UCONNX,CONN,15,,76,1881,1896
BLOB,BLOB,1,26,,260,6,7,,526,1023,,26,,DUKEXX,255,255,255,123,61,31,32,teamdb_duke,Duke,523,,1126,82,1,1,26,Duke,,26,DUKE,#BleedBlue,#GoDuke,109,Blue Devils,Eruditio et Religio,Bleed Blue,Go Duke,101,1126,225,26,DUKE,7,76,76,76,74,82,78,78,79,90,76,1172,1167,1225,DUKE,37,74,DUKEXX,DUKE,15,,82,1838,1888
BLOB,BLOB,1,27,6,264,2,7,,527,1023,,27,1,EMICHI,255,255,255,55,105,,35,teamdb_emu,E. Michigan,528,,1127,116,1,1,27,Eastern Michigan,,27,EMU,#ETOUGH,#EMUEagles,111,Eagles,"Equity, Exemplar, Excellence",ETOUGH,EMU Eagles,90,1127,227,28,EMU,5,72,71,74,70,73,70,72,75,81,83,1118,1230,1110,EMU,71,125,EMICHI,EMU,15,,78,1849,1891
BLOB,BLOB,1,28,3,265,16,7,,528,1023,,28,1,ECUXXX,17,194,255,139,45,89,34,teamdb_ecu,East Carolina,515,,1128,59,,1,28,East Carolina,,28,ECU,#PirateNation,#GoPirates,110,Pirates,Servire,Pirate Nation,Go Pirates,102,1128,226,27,ECU,13,73,71,75,66,76,73,73,79,77,81,1167,1155,1119,ECU,79,65,ECUXXX,ECU,15,,83,1907,1932
BLOB,BLOB,1,29,4,130,8,7,,529,1023,,29,1,FIUXXX,45,134,181,64,31,9,200,teamdb_fiu,FIU,508,,1129,120,,1,29,Florida International,,29,FIU,#PawsUp,#WeAre305,115,Panthers,Spes Scientia Facultas,Paws Up,We Are 305,19,1129,229,31,FIU,8,76,73,75,68,71,69,72,73,77,77,1131,1162,1229,FIU,96,132,FIUXXX,FIU,15,,77,1965,2002
BLOB,BLOB,1,30,9,268,4,7,,530,1023,,30,3,gators,36,75,240,123,61,31,37,teamdb_gators,Florida,504,,1130,12,,1,30,Florida,,30,FLA,#GoGators,#TheSwamp,113,Gators,Civium in moribus rei publicae salus,Go Gators,The Swamp,103,1130,231,29,FLA,9,82,82,83,79,81,78,82,75,91,85,1132,1134,1201,UF,25,7,gators,FLA,15,,88,1853,1906
BLOB,BLOB,1,31,3,295,16,7,,531,1023,,31,1,FAUXXX,51,32,193,82,45,15,199,teamdb_fau,FLA Atlantic,502,,1131,112,,1,31,Florida Atlantic,,31,FAU,#WIP,#GoOwls,112,Owls,Where Tomorrow Begins,WIP,Go Owls,104,1131,228,30,FAU,9,73,73,77,71,77,74,75,80,69,88,1129,1162,1229,FAU,102,120,FAUXXX,FAU,15,,86,1961,2001
BLOB,BLOB,1,32,,269,6,7,,532,1023,,32,,FLORST,135,183,208,63,48,123,38,teamdb_fsu,Florida State,516,,1132,21,1,1,32,Florida State,,32,,#FearTheSpear,#Unconquered,,Seminoles,"Vires, Artes, Mores",Fear The Spear,Unconquered,105,1132,230,32,FSU,,79,81,81,77,83,80,82,77,89,85,1130,1158,1121,FSU,62,21,FLORST,FSU,15,,87,1851,1947
BLOB,BLOB,1,33,8,272,,7,,533,1023,,33,1,FRESNO,75,41,19,46,16,200,39,teamdb_fs,Fresno State,526,,1133,70,,1,33,Fresno State,,33,FRES,#RedWave,#FortheV,117,Bulldogs,Discovery. Diversity. Distinction.,Red Wave,For The V,106,1133,232,33,FRES,5,77,75,76,68,73,74,75,70,84,77,1112,1191,1192,FRES,69,79,FRESNO,FRES,15,,78,1911,1921
BLOB,BLOB,1,34,9,274,4,7,,534,1023,,34,,GEORGA,,,,47,12,186,41,teamdb_uga,Georgia,502,,1134,9,,1,34,Georgia,2,34,UGA,#GoDawgs,#HunkerDown,123,Bulldogs,false,Go Dawgs,Hunker Down,106,1134,236,34,UGA,1,87,87,82,82,82,83,85,77,89,93,1130,1137,1109,UGA,4,4,GEORGA,UGA,15,,83,1785,1892
BLOB,BLOB,1,35,10,275,14,,,535,1023,1,35,1,GEOSOU,255,255,255,65,30,1,39,teamdb_gs,Ga Southern,503,1,1135,110,,1,35,Georgia Southern,,35,GASO,#HailSouthern,#GATA,127,Eagles,,Hail Southern,GATA,90,1135,233,35,GASO,10,76,76,79,69,75,72,75,74,79,72,1103,1136,1207,GASO,92,116,GEOSOU,GASO,,1,80,1906,1982
BLOB,BLOB,1,36,10,276,14,7,,536,1023,,36,2,GEORST,255,255,255,161,51,,120,teamdb_gsu,Georgia State,501,,1136,117,,1,36,Georgia State,,36,GSU,#LightItBlue,#NewAtlanta,135,Panthers,Veritas valet et vincet,Light It Blue,New Atlanta,19,1136,234,36,GSU,9,72,71,74,68,76,72,73,81,80,77,1135,1103,1194,GAST,131,122,GEORST,GSU,15,,75,1913,2010
BLOB,BLOB,1,37,,276,6,7,,537,1023,,37,2,GATECH,105,162,180,87,48,,40,teamdb_gt,Georgia Tech,517,,1137,46,,1,37,Georgia Tech,,37,GT,#StingEm,#RamblinWreck,136,Yellow Jackets,Progress and Service,Sting Em,Ramblin Wreck,107,1137,235,37,GT,3,77,77,76,78,77,77,77,75,83,87,1134,1121,1109,GT,36,47,GATECH,GT,15,,79,1885,1892
BLOB,BLOB,1,38,7,280,12,7,,538,1023,,38,,HAWAII,,,,52,71,18,45,teamdb_haw,Hawai'i,519,,1138,94,1,1,38,Hawai'i,,38,,#Braddahhood,#GoBows,,Rainbow Warriors,Maluna aÊ»e o nÄ lÄhui a pau ke ola ke kanaka,Braddahhood,Go Bows,108,1138,237,38,HAW,7,77,75,73,69,77,72,76,83,78,75,1133,1192,1232,HAW,97,82,HAWAII,HAW,15,,82,1907,1909
BLOB,BLOB,1,39,2,70,17,7,,539,1023,,39,,HOUSTO,255,255,255,46,16,200,46,teamdb_hou,Houston,517,,1139,71,,1,39,Houston,,39,HOU,#GoCoogs,#Scarlet&White,141,Cougars,In Tempore,Go Coogs,Scarlet & White,92,1139,238,39,HOU,10,81,78,77,72,83,81,81,83,83,77,1188,1205,1111,HOU,21,57,HOUSTO,HOU,15,,88,1927,1946
BLOB,BLOB,1,40,1,129,10,7,,540,1023,,40,,ILLINO,56,75,230,76,40,18,49,teamdb_illini,Illinois,518,,1140,71,,1,40,Illinois,,40,,#famILLy,#Illini,,Fighting Illini,Learning and Labor,famILLy,Illini,109,1140,239,40,ILL,8,81,76,72,70,78,72,77,83,85,83,1175,1187,1178,ILL,41,54,ILLINO,ILL,15,,83,1867,1890
BLOB,BLOB,1,41,1,123,10,7,,541,1023,,41,1,INDIAN,255,255,255,54,29,169,50,teamdb_iu,Indiana,533,,1141,48,,1,41,Indiana,1,41,IND,#IUFB,#GoIU,143,Hoosiers,Lux Et Veritas,IUFB,Go IU,110,1141,240,41,IND,13,88,90,86,82,88,86,88,88,87,88,1187,1161,1149,IU,5,17,INDIAN,IND,15,,88,1820,1887
BLOB,BLOB,1,42,1,125,10,7,,542,1023,,42,,IOWAXX,,205,255,37,37,37,52,teamdb_iowa,Iowa,531,,1142,19,,1,42,Iowa,,42,IOWA,#FightForIowa,#Gold&Black,144,Hawkeyes,,Fight For Iowa,Gold & Black,111,1142,242,42,IOWA,2,82,78,76,74,81,84,80,71,88,82,1143,1231,1163,IOWA,18,19,IOWAXX,IOWA,15,,78,1847,1889
BLOB,BLOB,1,43,2,126,17,7,,543,1023,,43,,IOWAST,41,198,255,44,24,170,51,teamdb_isu,Iowa State,526,,1143,26,,1,43,Iowa State,,43,ISU,#Cyclones,#GoCyclones,145,Cyclones,Science with Practice,Cyclones,Go Cyclones,112,1143,241,43,ISU,3,77,76,79,69,77,73,76,80,78,87,1142,1147,1146,ISU,43,37,IOWAST,ISU,15,,81,1858,1892
BLOB,BLOB,1,44,4,31,8,,,544,1023,1,44,1,JVST,32,31,35,45,14,206,88,teamdb_jsu,Jax State,517,1,1144,103,,1,44,Jacksonville State,,44,JVST,#FearTheBeak,#StayCocky,146,Gamecocks,Exegi Monumentum Aere Perennius,Fear The Beak,Stay Cocky,113,1144,243,44,JVST,2,74,72,72,69,75,73,73,77,76,82,1207,1162,1210,JXST,123,118,JVST,JVST,,1,80,1883,1904
BLOB,BLOB,1,45,10,32,14,,,545,1023,1,45,,JAMMAD,105,163,179,114,,51,54,teamdb_jmu,James Madison,517,1,1145,87,,1,45,James Madison,,45,JMU,#GoDukes,#Purple&Gold,147,Dukes,Knowledge is Liberty,Go Dukes,Purple & Gold,114,1145,244,45,JMU,1,71,68,72,69,71,67,70,74,81,83,1181,1103,1150,JMU,35,77,JAMMAD,JMU,,1,77,1908,1972
BLOB,BLOB,1,46,2,33,17,7,,546,1023,,46,1,KANSAS,47,32,206,144,76,14,54,teamdb_ku,Kansas,521,,1146,80,,1,46,Kansas,,46,KU,#RockChalk,#GoKU,148,Jayhawks,,Rock Chalk,Go KU,115,1146,246,46,KU,7,77,76,75,78,77,72,77,75,87,80,1147,1165,1168,KU,52,68,KANSAS,KU,15,,85,1866,1890
BLOB,BLOB,1,47,2,143,17,7,,547,1023,,47,,KANSST,177,180,172,87,4,51,55,teamdb_ksu,Kansas State,527,,1147,38,,1,47,Kansas State,,47,KSU,#EMAW,#Powercat,151,Wildcats,Rule by Obeying Natureâs Laws,EMAW,Powercat,81,1147,245,47,KSU,4,80,78,79,73,83,76,80,88,85,73,1146,1143,1123,KSU,68,40,KANSST,KSU,15,,82,1863,1896
BLOB,BLOB,1,48,6,35,2,7,,548,1023,,48,2,KENTXX,33,171,235,118,57,,57,teamdb_kent,Kent State,508,,1148,130,1,1,48,Kent State,,48,KENT,#GoFlashes,#HAB1TS,155,Golden Flashes,On with purpose,Go Flashes,HAB1TS,116,1148,247,49,KENT,11,68,66,68,68,72,68,70,74,74,76,1114,1101,1177,KENT,134,127,KENTXX,KENT,15,,79,1910,1920
BLOB,BLOB,1,49,9,38,4,7,,549,1023,,49,,KENTUC,255,255,255,141,70,26,56,teamdb_uk,Kentucky,527,,1149,33,,1,49,Kentucky,,49,UK,#BigBlueNation,#SeeBlue,159,Wildcats,"United We Stand, Divided We Fall",Big Blue Nation,See Blue,81,1149,248,50,UK,7,78,78,81,73,81,81,80,78,85,80,1153,1201,1222,UK,46,55,KENTUC,UK,15,,81,1865,1881
BLOB,BLOB,1,50,4,245,8,,,550,1023,1,50,,LIBERT,48,25,167,65,30,1,59,teamdb_lu,Liberty,521,1,1150,109,,1,50,Liberty,,50,LIB,#GoFlames,#FlamesNation,160,Flames,Knowledge Aflame,Go Flames,Flames Nation,117,1150,249,51,LIB,,74,73,76,70,77,77,76,74,82,73,1122,1181,1145,LU,99,92,LIBERT,LIB,,1,78,1971,1973
BLOB,BLOB,1,51,10,216,15,7,,551,1023,,51,1,ULLAFY,255,255,255,66,3,200,127,teamdb_ull,Louisiana,505,,1151,97,1,1,51,Louisiana,,51,,#GeauxCajuns,#cULture,,Ragin' Cajuns,"Boldly, Happily, Faithfully",Geaux Cajuns,cULture,118,1151,251,52,ULL,9,76,71,72,68,72,69,72,74,74,83,1213,1107,1152,UL,94,81,ULLAFY,ULL,15,,77,1898,1901
BLOB,BLOB,1,52,10,40,15,7,,552,1023,,52,1,LATECH,47,32,206,123,61,31,58,teamdb_ltu,Louisiana Tech,513,,1152,100,,1,52,Louisiana Tech,,52,LT,#HBTD,#BarkLouder,161,Bulldogs,"Union, Confidence, Justice",HBTD,Bark Louder,106,1152,250,53,LT,7,72,71,71,74,75,72,73,75,75,77,1196,1151,1213,LTU,100,87,LATECH,LT,15,,79,1894,1901
BLOB,BLOB,1,53,,41,6,7,,553,1023,,53,1,LOUISV,,,,48,2,193,59,teamdb_ul,Louisville,526,,1153,39,,1,53,Louisville,,53,LOU,#GoCards,#TheVille,162,Cardinals,,Go Cards,The Ville,87,1153,252,54,LOU,1,81,82,82,82,83,79,82,81,92,83,1149,1120,1157,LOU,24,34,LOUISV,LOU,15,,84,1798,1912
BLOB,BLOB,1,54,9,76,4,7,,554,1023,,54,,lsutigers,47,197,255,130,45,89,60,teamdb_lsutigers,LSU,508,,1154,6,,1,54,LSU,,54,LSU,#GeauxTigers,#BayouBengals,164,Tigers,,Geaux Tigers,Bayou Bengals,86,1154,253,55,LSU,4,85,86,85,81,90,83,87,90,86,88,1102,1182,1106,LSU,11,1,lsutigers,LSU,15,,88,1860,1893
BLOB,BLOB,1,55,10,45,14,7,,555,1023,,55,,MARSHA,32,31,35,79,169,,61,teamdb_marsh,Marshall,501,,1155,60,,1,55,Marshall,,55,MRSH,#GoHerd,#WeAreMarshall,165,Thundering Herd,,Go Herd,We Are Marshall,119,1155,254,56,MRSH,9,74,71,74,68,77,74,73,78,78,80,1177,1228,1103,MRSH,120,80,MARSHA,MRSH,15,,79,1837,1895
BLOB,BLOB,1,56,1,47,10,7,,556,1023,,56,2,MARYLA,,210,255,55,25,227,62,teamdb_terps,Maryland,519,,1156,80,,1,56,Maryland,,56,UMD,#FearTheTurtle,#GoTerps,169,Terrapins,,Fear The Turtle,Go Terps,120,1156,255,57,UMD,6,77,78,78,75,81,77,80,82,82,86,1185,1228,1166,TERPS,64,70,MARYLA,UMD,15,,79,1856,1892
BLOB,BLOB,1,57,3,49,16,7,,557,1023,,57,,MEMPHI,162,159,157,144,73,,63,teamdb_mem,Memphis,524,,1157,63,,1,57,Memphis,,57,MEM,#GoTigersGo,CloseTheGap,170,Tigers,"To imagine, to think, to do",Go Tigers Go,Close The Gap,86,1157,256,58,MEM,3,78,75,76,70,77,77,76,74,80,80,1196,1182,1210,MEM,49,66,MEMPHI,MEM,15,,78,1912,1912
BLOB,BLOB,1,58,,130,6,7,,558,1023,,58,1,hurricanes,38,71,224,52,71,21,64,teamdb_hurricanes,Miami,527,,1158,31,,1,58,Miami,,58,MIA,#AllAboutTheU,#GoCanes,171,Hurricanes,Magna est veritas,All About The U,Go Canes,121,1158,258,59,MIA,8,86,86,87,77,88,78,87,91,93,88,1132,1130,1176,MIA,6,36,hurricanes,MIA,15,,93,1925,1926
BLOB,BLOB,1,59,6,1,2,7,,559,1023,,59,1,MIAMOH,255,255,255,48,2,193,65,teamdb_miau,Miami (OH),532,,1159,119,,1,59,Miami University,,59,MIAOH,#RiseUpRedHawks,#CradleofCoaches,172,RedHawks,Prodesse Quam Conspici,Rise Up Red Hawks,Cradle of Coaches,122,1159,257,60,MIAOH,,73,72,75,73,73,73,73,71,79,76,1177,1120,1110,M-OH,113,115,MIAMOH,MIAOH,15,,80,1809,1888
BLOB,BLOB,1,60,1,2,10,7,,560,1023,,60,3,MICHIG,25,195,240,64,31,9,66,teamdb_mich,Michigan,529,,1160,1,1,1,60,Michigan,,60,,#GoBlue,#VictorsValiant,,Wolverines,"Artes, Scientia, Veritas",Go Blue,Victors Valiant,123,1160,260,61,MICH,,86,85,85,76,85,84,85,83,85,86,1178,1161,1163,MICH,14,10,MICHIG,MICH,15,,85,1817,1879
BLOB,BLOB,1,61,1,134,10,7,,561,1023,,61,,spartans,255,255,255,52,62,23,67,teamdb_spartans,Michigan State,527,,1161,18,,,61,Michigan State,,61,MSU,#GoGreen,#GoWhite,174,Spartans,Advancing Knowledge. Transforming Lives.,Go Green,Go White,124,1161,259,62,MSU,12,81,81,77,77,80,79,80,75,89,87,1160,1141,1185,MSU,51,26,spartans,MSU,15,,83,1855,1896
BLOB,BLOB,1,62,4,131,8,7,,562,1023,,62,,MIDTEN,200,197,194,166,99,,68,teamdb_mtsu,Middle Tenn,518,,1162,123,,1,62,Middle Tennessee,,62,MTSU,#BLUEnited,#BlueRaiders,175,Blue Raiders,Agriculture and Commerce,BLUEnited,Blue Raiders,125,1162,261,63,MTSU,4,73,71,74,68,71,69,71,72,78,75,1229,1207,1157,MTSU,128,121,MIDTEN,MTSU,15,,78,1911,1911
BLOB,BLOB,1,63,1,5,10,7,,563,1023,,63,,MINNES,61,187,252,50,36,138,69,teamdb_minn,Minnesota,524,,1163,47,,1,63,Minnesota,,63,MINN,#SkiUMah,#Gophers,179,Golden Gophers,Omnibus artibus commune vinculum,Ski U Mah,Gophers,126,1163,262,64,MINN,9,81,81,81,76,80,78,81,77,86,78,1231,1142,1160,MINN,40,42,MINNES,MINN,15,,83,1851,1882
BLOB,BLOB,1,64,9,7,4,7,,564,1023,,64,1,MISSTA,200,197,194,62,46,112,71,teamdb_missst,Mississippi St,501,,1164,29,,1,64,Mississippi State,,64,MSST,#HailState,#MoreCowbell,181,Bulldogs,"Learning, Service, Research",Hail State,More Cowbell,106,1164,263,65,MSST,11,83,82,81,76,82,77,82,83,88,87,1182,1154,1102,MSST,50,25,MISSTA,MSST,15,,83,1878,1895
BLOB,BLOB,1,65,9,8,4,7,,565,1023,,65,,MISSOU,33,170,234,32,31,35,70,teamdb_mizzou,Missouri,526,,1165,37,,1,65,Missouri,,65,MIZZ,#MizzouRah,#TheMizzouWay,182,Tigers,Salus populi suprema lex esto,MizzouRah,The Mizzou Way,86,1165,264,66,MIZZ,2,79,81,81,78,88,87,85,81,96,87,1106,1195,1146,MIZZ,26,41,MISSOU,MIZZ,15,,86,1839,1890
BLOB,BLOB,1,66,3,13,16,7,1,566,1023,,66,2,NAVYXX,131,183,198,64,31,9,74,teamdb_navy,Navy,517,,1166,68,,1,66,Navy,,66,NAVY,#GoNavy,#RollGoats,184,Midshipmen,Ex Scientia Tridens,Go Navy,Roll Goats,127,1166,265,68,NAVY,6,71,70,71,69,73,71,72,78,79,78,1108,1100,1176,NAVY,38,83,NAVYXX,NAVY,15,,74,1845,1879
BLOB,BLOB,1,67,,136,6,7,,567,1023,,67,1,NCSTAT,32,31,35,47,32,206,77,teamdb_ncsu,NC State,520,,1167,28,,1,67,NC State,,67,NCST,#1Pack1Goal,#GoPack,186,Wolfpack,Think and Do,1Pack1Goal,Go Pack,128,1167,266,69,NCST,2,80,77,74,76,81,76,78,83,80,86,1172,1126,1225,NCST,67,23,NCSTAT,NCST,15,,85,1887,1892
BLOB,BLOB,1,68,1,16,10,7,,568,1023,,68,1,cornhuskers,255,255,255,45,14,206,78,teamdb_cornhuskers,Nebraska,524,,1168,10,,1,68,Nebraska,,68,NEB,#GBR,#Blackshirts,187,Cornhuskers,Literis Dedicata et Omnibus Artibus,GBR,Blackshirts,129,1168,267,70,NEB,10,81,82,80,81,85,83,83,86,78,91,1142,1231,1179,NEB,56,31,cornhuskers,NEB,15,,87,1869,1890
BLOB,BLOB,1,69,7,17,12,7,,569,1023,,69,1,NEVADA,142,141,137,64,31,9,79,teamdb_nev,Nevada,508,,1169,105,,1,69,Nevada,,69,NEV,#BattleBorn,#RiseTogether,188,Wolf Pack,Omnia Pro Patria,Battle Born,Rise Together,128,1169,268,71,NEV,9,76,71,74,65,71,73,71,72,77,76,1215,1112,1133,NEV,111,108,NEVADA,NEV,15,,73,1874,1896
BLOB,BLOB,1,70,7,19,12,7,,570,1023,,70,,NEWMEX,169,168,167,48,2,193,80,teamdb_unm,New Mexico,532,,1170,106,,1,70,New Mexico,,70,UNM,#Go Lobos,#LoboNation,189,Lobos,Lux Hominum Vita,Go Lobos,Lobo Nation,130,1170,270,72,UNM,10,75,72,73,72,75,74,73,74,77,81,1171,1104,1232,UNM,65,109,NEWMEX,UNM,15,,78,1889,1892
BLOB,BLOB,1,71,4,138,8,7,,571,1023,,71,1,NMEXST,32,31,35,65,29,139,82,teamdb_nmsu,New Mexico St.,514,,1171,126,,1,71,New Mexico State,,71,,#AggieUp,#GoAggies,,Aggies,,Aggie Up,Go Aggies,131,1171,269,73,NMSU,1,74,72,76,67,72,68,72,73,79,77,1170,1220,1219,NMSU,106,131,NMEXST,NMSU,15,,78,1888,1893
BLOB,BLOB,1,72,,109,6,7,,572,1023,,72,3,NCAROL,255,255,255,211,173,122,76,teamdb_unc,North Carolina,504,,1172,42,,1,72,North Carolina,,72,UNC,#GoHeels,#CarolinaBlue,190,Tar Heels,Lux libertas,Go Heels,Carolina Blue,132,1172,271,74,UNC,5,79,77,79,69,77,73,77,77,84,76,1126,1167,1223,UNC,66,53,NCAROL,UNC,15,,81,1789,1888
BLOB,BLOB,1,73,3,24,16,7,,573,1023,,73,,NTEXAS,255,255,255,63,125,,86,teamdb_nt,North Texas,514,,1173,90,,1,73,North Texas,,73,UNT,#GMG,#Green&White,194,Mean Green,,GMG,Green & White,133,1173,272,76,UNT,7,76,76,75,76,77,74,76,74,89,72,1193,1221,1152,UNT,105,90,NTEXAS,UNT,15,,79,1890,1913
BLOB,BLOB,1,74,7,27,12,7,,574,1023,,74,1,NILLIN,16,16,16,48,2,193,81,teamdb_niu,NIU,525,,1174,132,1,1,74,Northern Illinois,,74,NIU,#TheHardWay,#GoHuskies,195,Huskies,,The Hard Way,Go Huskies,100,1174,273,77,NIU,3,68,65,69,64,72,69,68,71,81,73,1110,1206,1230,NIU,116,128,NILLIN,NIU,15,,79,1895,1899
BLOB,BLOB,1,75,1,28,10,7,,575,1023,,75,2,NORTHW,255,255,255,128,37,72,84,teamdb_nu,Northwestern,525,,1175,60,,1,75,Northwestern,,75,NW,#PurplePride,#GoCats,196,Wildcats,Quaecumque sunt vera,Purple Pride,Go Cats,81,1175,274,78,NW,4,81,77,77,72,80,77,78,80,85,85,1140,1160,1142,NW,57,50,NORTHW,NW,15,,83,1851,1882
BLOB,BLOB,1,76,5,36,18,7,,576,1023,,76,2,NOTDAM,,151,203,64,34,10,85,teamdb_nd,Notre Dame,508,,1176,16,,1,76,Notre Dame,4,76,ND,#WakeUpTheEchoes,#GoIrish,197,Fighting Irish,"Vita, Dulcedo, Spes",Wake Up The Echoes,Go Irish,134,1176,275,79,ND,255,91,90,85,83,87,83,88,91,85,83,1216,1160,1166,ND,3,20,NOTDAM,ND,15,,85,1842,1887
BLOB,BLOB,1,77,6,37,2,7,,577,1023,,77,1,OHIOXX,255,255,255,52,71,18,88,teamdb_ohio,Ohio,527,,1177,102,,1,77,Ohio,,77,OHIO,#OUohyeah,#Green&White,198,Bobcats,"Religio Doctrina Civilitas, Prae Omnibus Virtus",OUohyeah,Green & White,135,1177,277,80,OHIO,2,74,73,72,74,71,70,72,71,79,77,1159,1155,1114,OHIO,126,100,OHIOXX,OHIO,15,,74,1804,1894
BLOB,BLOB,1,78,1,39,10,7,,578,1023,,78,,OHIOST,173,169,162,48,2,193,87,teamdb_ohiost,Ohio State,524,,1178,2,1,1,78,Ohio State,5,78,OSU,#GoBucks,#OH-IO,199,Buckeyes,Disciplina in civitatem,Go Bucks,OH-IO,136,1178,276,81,OSU,1,86,87,86,77,92,85,88,92,89,85,1160,1185,1140,OSU,1,2,OHIOST,OSU,15,,94,1870,1890
BLOB,BLOB,1,79,9,42,4,7,,579,1023,,79,3,OKLAHO,255,255,255,54,32,163,89,teamdb_sooners,Oklahoma,524,,1179,13,,1,79,Oklahoma,,79,OU,#Boomer,#Sooner,200,Sooners,Civi et Reipublicae,Boomer,Sooner,137,1179,279,82,OU,2,85,86,87,78,87,80,86,89,84,93,1202,1180,1168,OKLA,10,8,OKLAHO,OU,15,,88,1890,1895
BLOB,BLOB,1,80,2,58,17,7,,580,1023,,80,,OKLAST,35,85,240,32,31,35,90,teamdb_okst,Oklahoma State,508,,1180,34,,1,80,Oklahoma State,,80,OKST,#GoPokes,#OrangePower,201,Cowboys,"Scholarship, Instruction, Service",Go Pokes,Orange Power,138,1180,278,83,OKST,1,79,80,80,78,85,75,81,89,91,77,1179,1205,1209,OKST,33,27,OKLAST,OKST,15,,87,1890,1901
BLOB,BLOB,1,81,10,22,14,7,,581,1023,,81,2,OLDDOM,230,191,147,84,50,10,120,teamdb_odu,Old Dominion,500,,1181,99,,1,81,Old Dominion,,81,ODU,#ReignOn,#GoMonarchs,203,Monarchs,,Reign On,Go Monarchs,139,1181,280,84,ODU,4,78,71,66,69,71,68,71,70,79,78,1145,1119,1150,ODU,83,97,OLDDOM,ODU,15,,74,1930,1930
BLOB,BLOB,1,82,9,59,4,7,,582,1023,,82,,OLEMIS,47,32,206,75,40,18,91,teamdb_miss,Ole Miss,507,,1182,27,,1,82,Ole Miss,,82,,#HottyToddy,#heSip,,Rebels,Pro scientia et sapientia,Hotty Toddy,The Sip,2,1182,281,85,MISS,3,81,85,82,86,87,76,86,93,96,93,1164,1154,1157,MISS,9,30,OLEMIS,MISS,15,,83,1844,1893
BLOB,BLOB,1,83,1,60,10,7,,583,1023,,83,,ducks,33,224,253,52,121,,92,teamdb_ducks,Oregon,520,,1183,35,,1,83,Oregon,2,83,ORE,#QuackAttack,#GoDucks,204,Ducks,Mens agitat molem,Quack Attack,Go Ducks,140,1183,283,86,ORE,1,87,88,87,84,90,81,88,94,85,82,1226,1184,1197,ORE,2,6,ducks,ORE,15,,88,1872,1894
BLOB,BLOB,1,84,8,25,,7,,584,1023,,84,,OREGST,38,71,222,32,31,35,93,teamdb_orst,Oregon State,521,,1184,65,,1,84,Oregon State,,84,ORST,#GoBeavs,#BeaverNation,205,Beavers,,Go Beavs,Beaver Nation,141,1184,282,87,ORST,3,74,73,76,74,76,74,75,78,79,76,1183,1227,1117,ORST,104,60,OREGST,ORST,15,,77,1868,1893
BLOB,BLOB,1,85,1,63,10,7,,585,1023,,85,1,PENNST,255,255,255,64,31,9,94,teamdb_psu,Penn State,518,,1185,3,,1,85,Penn State,3,85,PSU,#WeAre,#HappyValley,206,Nittany Lions,"Virtue, Liberty, and Independence",We Are,Happy Valley,142,1185,284,88,PSU,3,82,80,76,81,77,78,80,65,87,85,1178,1186,1161,PSU,17,3,PENNST,PSU,15,,83,1855,1887
BLOB,BLOB,1,86,,64,6,7,,586,1023,,86,,PITTSB,37,181,252,135,67,29,96,teamdb_pitt,Pittsburgh,530,,1186,50,1,1,86,Pittsburgh,,86,PITT,#H2P,#GoPanthers,246,Panthers,Veritas et Virtus,H2P,Go Panthers,19,1186,285,89,PITT,12,79,78,79,74,81,78,80,83,86,70,1228,1185,1198,PITT,60,63,PITTSB,PITT,15,,78,1787,1889
BLOB,BLOB,1,87,1,128,10,7,,587,1023,,87,,PURDUE,135,183,208,32,31,35,99,teamdb_pur,Purdue,508,,1187,41,,1,87,Purdue,,87,PUR,#BoilerUp,#HammerDown,247,Boilermakers,,Boiler Up,Hammer Down,143,1187,286,90,PUR,11,77,76,79,70,77,75,77,75,83,81,1141,1140,1176,PUR,73,59,PURDUE,PUR,15,,83,1869,1887
BLOB,BLOB,1,88,3,70,16,7,,588,1023,,88,,RICEXX,200,197,194,87,41,25,100,teamdb_rice,Rice,519,,1188,91,,1,88,Rice,,88,RICE,#RFND,#WE,248,Owls,"Letters, Science, Art",FRND,WE,104,1188,287,91,RICE,5,73,73,73,72,71,69,72,72,84,83,1139,1193,1202,RICE,107,103,RICEXX,RICE,15,,73,1891,1912
BLOB,BLOB,1,89,1,72,10,7,,589,1023,,89,,RUTGER,255,255,255,47,32,206,101,teamdb_ru,Rutgers,525,,1189,56,,1,89,Rutgers,,89,RUTG,#CHOP,#BirthplaceofCFB,249,Scarlet Knights,Sol iustitiae et occidentem illustra,CHOP,Birthplace of CFB,144,1189,288,92,RUTG,7,75,75,77,70,78,72,76,78,92,81,1185,1156,1198,RU,54,64,RUTGER,RUTG,15,,86,1766,1869
BLOB,BLOB,1,90,4,50,8,,,590,1023,1,90,2,SAMHOU,255,255,255,,81,255,105,teamdb_shsu,Sam Houston,512,1,1190,115,,1,90,Sam Houston,,90,SHSU,#EatEmUpKats,#GoBearkats,250,Bearkats,The Measure of a Life is its Service,Eat Em Up Kats,Go Bearkats,96,1190,289,94,SHSU,255,70,70,72,71,71,66,70,68,79,73,1204,1173,1188,SHSU,135,136,SAMHOU,SHSU,,1,82,1879,1912
BLOB,BLOB,1,91,8,52,,7,,591,1023,,91,,SANDST,32,31,35,57,49,196,105,teamdb_sdsu,San Diego St.,507,,1191,72,,1,91,San Diego State,,91,,#AztecFAST,#BeTheA1pha,,Aztecs,,AztecFAST,Be The A1pha,145,1191,290,95,SDSU,11,74,75,74,74,78,76,76,76,87,80,1133,1116,1112,SDSU,85,95,SANDST,SDSU,15,,82,1897,1921
BLOB,BLOB,1,92,7,53,12,7,,592,1023,,92,2,SANJOS,37,181,252,141,70,25,102,teamdb_sjsu,San Jose State,506,,1192,124,1,1,92,San Jose State,,92,SJSU,#AllSpartans,#ThisIsSparta,251,Spartans,,All Spartans,This Is Sparta,124,1192,291,96,SJSU,2,69,68,72,70,71,69,70,69,80,78,1133,1197,1191,SJSU,95,123,SANJOS,SJSU,15,,78,1857,1892
BLOB,BLOB,1,93,,55,6,7,,593,1023,,93,,SMUXXX,47,32,206,141,70,25,107,teamdb_smu,SMU,524,,1193,88,,1,93,SMU,1,93,SMU,#PonyUp,#GoStangs,252,Mustangs,Veritas liberabit vos,Pony Up,Go Stangs,146,1193,292,97,SMU,,78,80,81,75,86,83,82,89,85,77,1199,1173,1139,SMU,22,46,SMUXXX,SMU,15,,83,1911,1915
BLOB,BLOB,1,94,10,287,15,7,,594,1023,,94,1,SALBAM,62,31,196,87,41,25,120,teamdb_usa,South Alabama,527,,1194,113,,1,94,South Alabama,,94,USA,#GoJaguars,#JsUP,253,Jaguars,"Research, Teaching, Service",Go Jaguars,Js Up,147,1194,293,98,USA,7,71,68,72,64,72,71,71,73,79,77,1207,1135,1151,USA,127,119,SALBAM,USA,15,,76,1963,2009
BLOB,BLOB,1,95,9,56,4,7,,595,1023,,95,,SCAROL,32,31,35,51,36,138,103,teamdb_scar,South Carolina,523,,1195,17,,1,95,South Carolina,,95,SC,#SpursUp,#ForeverToThee,254,Gamecocks,Emollit mores nec sinit esse feros,Spurs Up,Forever To Thee,113,1195,294,99,SC,10,80,81,86,71,83,80,82,87,79,87,1121,1134,1165,SCAR,28,16,SCAROL,SC,15,,84,1801,1892
BLOB,BLOB,1,96,10,83,15,7,,596,1023,,96,1,SMISSI,47,197,255,32,31,35,106,teamdb_usm,Southern Miss,517,,1196,83,,1,96,Southern Mississippi,,96,USM,#SMTTT,#GoldenEagles,256,Golden Eagles,Southern Miss to the Top!,SMTTT,Golden Eagles,173,1196,295,100,USM,12,72,68,70,67,73,72,71,75,77,78,1152,1157,1208,USM,129,110,SMISSI,USM,15,,79,1910,1912
BLOB,BLOB,1,97,,100,6,7,,597,1023,,97,,STANFO,255,255,255,56,8,179,109,teamdb_stan,Stanford,532,,1197,54,1,1,97,Stanford,,97,STAN,#FearTheTree,#GoStanford,257,Cardinal,Die Luft der Freiheit weht,,,148,1197,296,101,STAN,9,78,76,74,78,75,75,76,71,81,88,1117,1216,1176,STAN,78,71,STANFO,STAN,15,,78,1885,1891
BLOB,BLOB,1,98,,107,6,7,,598,1023,,98,,SYRACU,38,71,222,63,35,10,110,teamdb_su,Syracuse,507,,1198,61,,1,98,Syracuse,,98,SYR,#OrangeNation,#GoCuse,258,Orange,Suos Cultores Scientia Coronat,Orange Nation,Go Cuse,149,1198,297,102,SYR,10,82,80,76,73,77,72,77,80,82,78,1113,1186,1121,CUSE,70,43,SYRACU,SYR,15,,79,1870,1889
BLOB,BLOB,1,99,2,108,17,7,,599,1023,,99,,TCUXXX,255,255,255,130,44,89,111,teamdb_tcu,TCU,516,,1199,49,,1,99,TCU,,99,TCU,#GoFrogs,#ForTheWorthy,259,Horned Frogs,Disciplina est Facultas,Go Frogs,For The Worthy,150,1199,298,103,TCU,9,80,78,79,71,81,79,80,79,84,85,1111,1193,1205,TCU,27,49,TCUXXX,TCU,15,,83,1873,1896
BLOB,BLOB,1,100,3,62,16,7,,600,1023,,100,,TEMPLE,255,255,255,54,32,163,112,teamdb_tem,Temple,521,,1200,78,,1,100,Temple,,100,TEM,#TempleTUFF,#GoOwls,260,Owls,Perseverantia Vincit,Temple TUFF,Go Owls,104,1200,299,104,TEM,12,71,70,73,69,77,77,75,71,81,80,1185,1189,1115,TEM,110,106,TEMPLE,TEM,15,,81,1884,1894
BLOB,BLOB,1,101,9,110,4,7,,601,1023,,101,1,TENNES,255,255,255,32,130,245,113,teamdb_tenn,Tennessee,525,,1201,8,,1,101,Tennessee,1,101,TENN,#GBO,#VFL,261,Volunteers,Veritatem cognoscetis et veritas vos liberabit,GBO,VFL,151,1201,300,105,TENN,5,83,85,81,85,83,80,83,80,88,78,1130,1102,1222,TENN,20,8,TENNES,TENN,15,,86,1794,1891
BLOB,BLOB,1,102,9,201,4,7,,602,1023,,102,,TEXAS,255,255,255,55,92,175,115,teamdb_longhorns,Texas,502,,1202,7,,1,102,Texas,3,102,TEX,#HookEm,#TexasFight,262,Longhorns,What starts here changes the world,Hook Em,Texas Fight,152,1202,304,106,TEX,,86,87,86,82,88,83,87,91,89,83,1179,1203,1106,TEX,7,13,TEXAS,TEX,15,,89,1883,1893
BLOB,BLOB,1,103,9,202,4,7,,603,1023,,103,1,TEXAAM,255,255,255,61,27,111,114,teamdb_tamu,Texas A&M,527,,1203,4,,1,103,Texas A&M,,103,,#GigEm,#Howdy,,Aggies,,Gig Em,Howdy,131,1203,301,107,TAMU,6,87,86,83,79,86,81,86,87,87,91,1202,1154,1106,TAMU,8,11,TEXAAM,TAMU,15,,88,1871,1894
BLOB,BLOB,1,104,8,204,,7,,604,1023,,104,1,TXSTXX,90,152,180,49,42,87,146,teamdb_txst,Texas State,508,,1204,111,,1,104,Texas State,,104,TXST,#EatEmUp,#StatesUp,263,Bobcats,Auctoritas Gravitas Humanitas Veritas,Eat Em Up,States Up,135,1204,302,108,TXST,5,74,75,75,73,78,74,76,82,75,77,1221,1190,1173,TXST,86,88,TXSTXX,TXST,15,,86,1899,1904
BLOB,BLOB,1,105,2,205,17,7,,605,1023,,105,1,TXTECH,32,31,35,46,16,200,122,teamdb_ttu,Texas Tech,520,,1205,32,,1,105,Texas Tech,,105,TTU,#WreckEm,#GunsUp,264,Red Raiders,"From Here, Itâs Possible",Wreck Em,GunsUp,153,1205,303,109,TTU,6,82,88,89,87,83,85,86,71,88,90,1111,1202,1199,TTU,16,32,TXTECH,TTU,15,,86,1923,1925
BLOB,BLOB,1,106,6,207,2,7,,606,1023,,106,,TOLEDO,,205,255,64,34,10,118,teamdb_tol,Toledo,525,,1206,92,,1,106,Toledo,,106,TOL,#TeamToledo,#ONErocket,265,Rockets,"Coadyuvando el Presente, Formando el Porvenir",Team Toledo,ONErocket,154,1206,305,110,TOL,1,72,71,75,65,73,71,72,71,81,72,1114,1174,1230,TOL,125,91,TOLEDO,TOL,15,,77,1872,1917
BLOB,BLOB,1,107,10,209,15,7,,607,1023,,107,1,TROYST,184,181,179,50,35,140,119,teamdb_troy,Troy,515,,1207,84,,1,107,Troy,,107,TROY,#OneTroy,#BattleReady,266,Trojans,false,One Troy,Battle Ready,155,1207,306,111,TROY,,72,73,78,72,72,72,72,75,80,72,1194,1210,1162,TROY,108,93,TROYST,TROY,15,,72,1887,1909
BLOB,BLOB,1,108,3,210,16,7,,608,1023,,108,,TULANE,222,141,58,72,101,,120,teamdb_tul,Tulane,502,,1208,101,,1,108,Tulane,,108,TULN,#RollWave,#UptownFootball,267,Green Wave,"Non sibi, sed suis",Roll Wave,Uptown Football,156,1208,307,112,TULN,1,76,75,74,71,75,70,75,77,83,83,1154,1196,1157,TUL,34,73,TULANE,TULN,15,,80,1834,1893
BLOB,BLOB,1,109,3,211,16,7,,609,1023,,109,1,TULSAX,135,183,208,149,53,,121,teamdb_tulsa,Tulsa,514,,1209,108,,1,109,Tulsa,,109,TLSA,#ReignCane,#GoTulsa,268,Golden Hurricane,"Wisdom, Faith, Service",Reign Cane,Go Tulsa,172,1209,308,113,TLSA,11,79,76,79,69,73,72,75,72,82,82,1139,1180,1193,TLSA,130,111,TULSAX,TLSA,15,,80,1894,1895
BLOB,BLOB,1,110,3,51,16,7,,610,1023,,110,2,UABXXX,96,180,192,82,107,30,123,teamdb_uab,UAB,519,,1210,81,,1,110,UAB,,110,UAB,#WinAsOne,#GoBlazers,269,Blazers,,Win As One,Go Blazers,157,1210,309,114,UAB,8,71,72,77,70,75,71,73,72,83,78,1196,1207,1157,UAB,117,130,UABXXX,UAB,15,,80,1969,1991
BLOB,BLOB,1,111,2,213,17,7,,611,1023,,111,,UCFXXX,105,162,180,32,31,35,124,teamdb_ucf,UCF,506,,1211,55,,1,111,UCF,,111,UCF,#ChargeOn,#GoKnights,270,Knights,Reach for the Stars,Charge On,Go Knights,158,1211,310,115,UCF,8,79,77,76,74,82,76,80,85,84,85,1217,1120,1139,UCF,63,48,UCFXXX,UCF,15,,83,1963,1979
BLOB,BLOB,1,112,1,214,10,7,,612,1023,,112,3,UCLAXX,37,181,252,185,113,,125,teamdb_ucla,UCLA,524,,1212,36,,1,112,UCLA,,112,UCLA,#GoBruins,#4sup,271,Bruins,Fiat Lux ,Go Bruins,4sup,159,1212,311,116,UCLA,7,83,80,80,71,82,75,81,87,90,85,1216,1117,1197,UCLA,59,56,UCLAXX,UCLA,15,,82,1919,1919
BLOB,BLOB,1,113,10,217,15,7,,613,1023,,113,1,ULMONR,,169,235,50,26,138,128,teamdb_ulm,UL Monroe,515,,1213,127,,1,113,UL Monroe,,113,ULM,#TalonsOut,#Funrow,274,Warhawks,Seek the Truth,Talons Out,Funrow,160,1213,313,118,ULM,13,69,67,69,71,72,70,70,74,76,77,1151,1152,1107,ULM,109,126,ULMONR,ULM,15,,76,1931,1931
BLOB,BLOB,1,114,6,218,2,7,,614,1023,,63,1,UMASSX,255,255,255,50,36,138,147,teamdb_umass,UMass,523,,1214,131,,1,114,UMass,,114,UMASS,#Flagship,#GoMinutemen,273,Minutemen,Ense petit placidam sub libertate quietem,Flagship,Go Minutemen,161,1214,314,119,UMASS,255,72,71,73,72,71,71,71,70,76,77,1125,1113,1115,MASS,136,137,UMASSX,UMASS,15,,76,1863,1879
BLOB,BLOB,1,115,7,220,12,7,,615,1023,,115,,UNLVXX,190,190,190,45,14,206,129,teamdb_unlv,UNLV,524,,1215,98,,1,115,UNLV,,115,,#BEaREBEL,#RunninRebels,,Rebels,Omnia Pro Patria,BEaREBEL,Runnin Rebels,2,1215,315,120,UNLV,1,77,75,76,71,78,75,76,77,89,80,1169,1192,1138,UNLV,74,107,UNLVXX,UNLV,15,,78,1957,1968
BLOB,BLOB,1,116,1,221,10,7,,616,1023,,116,,trojans,7,206,255,54,33,157,130,teamdb_trojans,USC,525,,1216,22,,1,116,USC,,116,,#FightOn,#VforVictory,,Trojans,Palmam qui meruit ferat,Fight On,V for Victory,155,1216,316,121,USC,5,82,83,81,78,86,80,85,92,88,86,1176,1212,1197,USC,15,36,trojans,USC,15,,82,1880,1888
BLOB,BLOB,1,117,3,222,16,7,,617,1023,,117,1,USFXXX,159,202,213,71,104,,131,teamdb_usf,USF,502,,1217,64,,1,117,USF,,117,USF,#GoBulls,#BuiltInTheBay,255,Bulls,Truth and Wisdom,Go Bulls,Built in the Bay,91,1217,317,122,USF,4,79,77,79,70,77,75,77,74,77,88,1211,1128,1125,USF,75,104,USFXXX,USF,15,,82,1956,1997
BLOB,BLOB,1,118,2,223,17,7,,618,1023,,118,2,UTAHXX,255,255,255,51,32,193,133,teamdb_utah,Utah,529,,1218,43,,1,118,Utah,,118,UTAH,#UtahManAmI,#GoUtes,275,Utes,"Imagine, then Do",Utah Man Am I,Go Utes,162,1218,319,123,UTAH,4,80,76,77,70,82,74,80,90,86,85,1116,1219,1123,UTAH,19,18,UTAHXX,UTAH,15,,84,1850,1892
BLOB,BLOB,1,119,8,224,,7,,619,1023,,119,,UTAHST,173,169,162,57,38,,132,teamdb_usu,Utah State,508,,1219,95,,1,119,Utah State,,119,USU,#GoAggies,#AggieNation,276,Aggies,"Research, Service, Teaching",Go Aggies,Aggie Nation,131,1219,318,124,USU,6,76,76,76,76,75,75,76,73,82,75,1116,1112,1218,USU,93,102,UTAHST,USU,15,,79,1888,1892
BLOB,BLOB,1,120,7,225,12,7,,620,1023,,120,1,UTEPXX,33,130,243,65,30,1,134,teamdb_utep,UTEP,515,,1220,104,1,1,120,UTEP,,120,UTEP,#PicksUp,#WinTheWest,277,Miners,Scientia et Humanitas,Picks Up,Win The West,163,1220,320,125,UTEP,5,72,70,72,70,71,70,71,71,77,77,1171,1170,1221,UTEP,101,101,UTEPXX,UTEP,15,,76,1913,1914
BLOB,BLOB,1,121,3,294,16,7,,621,1023,,121,,UTSAXX,3,68,224,64,34,10,148,teamdb_utsa,UTSA,508,,1221,85,,1,121,UTSA,,121,UTSA,#BirdsUp,#LetsGo210,278,Roadrunners,Disciplina Praesidium Civitatis,Birds Up,Lets Go 210,44,1221,321,126,UTSA,2,72,71,75,68,80,75,76,83,88,81,1204,1173,1220,UTSA,76,72,UTSAXX,UTSA,15,,80,1969,2011
BLOB,BLOB,1,122,9,111,4,7,,622,1023,,122,,VANDER,114,175,207,38,42,45,135,teamdb_vandy,Vanderbilt,527,,1222,74,,1,122,Vanderbilt,,122,VAN,#AnchorDown,#Dores,279,Commodores,Crescere aude,Anchor Down,Dores,164,1222,322,127,VAN,13,82,81,79,78,80,76,80,77,84,95,1201,1149,1182,VAND,47,45,VANDER,VAN,15,,84,1873,1890
BLOB,BLOB,1,123,,228,6,7,,623,1023,,123,,VIRGIN,19,71,255,76,40,18,137,teamdb_uva,Virginia,507,,1223,52,1,1,123,Virginia,,123,UVA,#GoHoos,#Wahoowa,280,Cavaliers,,Go Hoos,Wahoowa,165,1223,324,128,UVA,11,82,83,84,76,82,82,82,79,85,85,1224,1172,1132,UVA,29,58,VIRGIN,UVA,15,,81,1819,1888
BLOB,BLOB,1,124,,229,6,7,,624,1023,,124,,VATECH,32,69,207,62,44,106,136,teamdb_vt,Virginia Tech,508,,1224,24,,1,124,Virginia Tech,,124,VT,#ThisIsHome,#LetsGoHokies,281,Hokies,Ut Prosim,This Is Home,Let's go Hokies,166,1224,323,129,VT,4,82,80,80,71,80,74,80,77,85,88,1223,1228,1158,VT,42,22,VATECH,VT,15,,83,1872,1892
BLOB,BLOB,1,125,,230,6,7,,625,1023,,125,,WAKEFO,147,186,209,32,31,35,138,teamdb_wake,Wake Forest,527,,1225,76,,1,125,Wake Forest,,125,WAKE,#GoDeacs,#GoldandBlack,282,Demon Deacons,Pro Humanitate,Go Deacs,Gold and Black,167,1225,325,130,WAKE,13,81,77,77,69,76,70,77,79,80,86,1172,1167,1126,WAKE,58,75,WAKEFO,WAKE,15,,83,1834,1888
BLOB,BLOB,1,126,1,231,10,7,,626,1023,,126,1,WASHIN,135,183,208,106,36,54,139,teamdb_wash,Washington,519,,1226,20,,1,126,Washington,,126,WASH,#PurpleReign,#GoHuskies,283,Huskies,Lux sit,Purple Reign,Go Huskies,100,1226,327,131,WASH,,78,80,81,77,83,78,82,88,83,86,1183,1227,1117,WASH,23,15,WASHIN,WASH,15,,84,1861,1889
BLOB,BLOB,1,127,8,232,,7,,627,1023,,127,,WASSTA,173,169,162,54,32,163,140,teamdb_wsu,Washington St.,508,,1227,73,,1,127,Washington State,,127,WSU,#MadeofCrimson,#GoCougs,284,Cougars,,Made of Crimson,Go Cougs,92,1227,326,132,WSU,8,73,73,77,70,73,69,73,71,80,86,1226,1184,1112,WSU,87,61,WASSTA,WSU,15,,84,1890,1894
BLOB,BLOB,1,128,2,234,17,7,,628,1023,,128,,WVIRGI,33,170,234,82,45,15,143,teamdb_wvu,West Virginia,501,,1228,30,,1,128,West Virginia,,128,WVU,#HailWV,#LetsGo,285,Mountaineers,false,Hail WV,Lets Go,80,1228,328,133,WVU,5,77,75,78,72,81,80,78,79,91,85,1186,1224,1198,WVU,77,38,WVIRGI,WVU,15,,78,1867,1891
BLOB,BLOB,1,129,4,237,8,7,,629,1023,,129,,WKENTU,184,181,179,47,32,208,145,teamdb_wku,W. Kentucky,517,,1229,118,,1,129,Western Kentucky,,129,WKU,#GoTops,#Red&White,286,Hilltoppers,The Spirit Makes the Master,Go Tops,Red & White,168,1229,329,134,WKU,3,76,71,71,66,73,71,73,72,80,83,1162,1155,1207,WKU,88,89,WKENTU,WKU,15,,81,1906,1908
BLOB,BLOB,1,130,6,238,2,7,,630,1023,,130,1,WMICHI,,213,255,,27,81,142,teamdb_wmu,W. Michigan,527,,1230,107,,1,130,Western Michigan,,130,WMU,#BroncosReign,#GoBroncos,287,Broncos,So that all may learn,Broncos Reign,Go Broncos,89,1230,330,135,WMU,8,74,70,70,67,75,73,72,77,86,77,1118,1127,1206,WMU,89,99,WMICHI,WMU,15,,72,1903,1906
BLOB,BLOB,1,131,1,240,10,7,,631,1023,,131,2,WISCON,255,255,255,48,2,193,141,teamdb_wisc,Wisconsin,506,,1231,15,,1,131,Wisconsin,,131,WIS,#OnWisconsin,#GoBadgers,288,Badgers,Numen Lumen,On Wisconsin,Go Badgers,169,1231,331,136,WIS,5,80,77,77,72,80,75,78,84,84,86,1163,1142,1168,WISC,61,28,WISCON,WIS,15,,77,1848,1889
BLOB,BLOB,1,132,7,242,12,7,,632,1023,,132,1,WYOMIN,41,198,255,41,54,80,144,teamdb_wyo,Wyoming,523,,1232,89,,1,132,Wyoming,,132,WYO,#GoPokes,#GoWyo,289,Cowboys,Equality,Go Pokes,Go Wyo,138,1232,332,137,WYO,4,72,71,72,70,73,71,72,76,81,80,1124,1100,1219,WYO,124,85,WYOMIN,WYO,15,,75,1886,1893
BLOB,BLOB,1,133,4,187,8,7,,633,1023,,133,1,KENN,48,187,253,37,37,37,120,teamdb_kenn,Kennesaw St.,514,,1233,134,,1,133,Kennesaw State,,133,KENN,#HootyHoo,#OwlNation,153,Owls,"Wisdom, Justice, Moderation",Hooty Hoo,Owl Nation,104,1233,333,48,Kenn,255,74,73,74,71,71,72,72,73,68,78,1136,1144,1150,KENN,103,133,KENN,KENN,15,,77,1963,2015
BLOB,BLOB,1,134,4,258,8,7,,662,1023,,134,1,DEL,3,209,254,137,82,,120,teamdb_dela,Delaware,515,,1234,134,,1,134,Delaware,,134,DEL,#GoHens,#FeartheBird,108,Blue Hens,Scientia Sol Mentis Est,Go Hens,Fear The Bird,170,1234,334,25,DEL,255,74,72,72,72,77,71,75,81,82,77,1145,1150,1235,DEL,122,135,DEL,DEL,15,,82,1743,1889
BLOB,BLOB,1,135,4,106,8,7,,663,1023,,135,1,MOST,162,161,158,62,46,112,120,teamdb_mist,Missouri State,502,,1235,134,,1,135,Missouri State,,135,MOST,#WeAreMoState,#JoinTheClimb,183,Bears,,We Are Mo State,Join The Climb,88,1235,335,67,MOST,255,71,70,72,68,72,68,71,75,80,82,1107,1135,1234,MOST,133,134,MOST,MOST,15,,80,1905,1909
BLOB,BLOB,1,136,7,140,12,7,,664,1023,,150,2,NDSU,46,200,255,61,88,,120,teamdb_ndsu,NDSU,505,,1250,134,,1,150,North Dakota State,,150,,#BisonPride,#HornsUp,,Bison,false,Bison Pride,Horns Up,,1250,386,75,NDSU,255,71,71,73,74,73,71,72,74,84,81,1145,1232,1100,NDSU,137,86,NDSU,NDSU,15,,76,1905,1909
BLOB,BLOB,1,137,6,124,2,7,,665,1023,,151,,SACST,129,181,196,55,77,,120,teamdb_sacst,Sac State,526,,1251,134,,1,151,Sacramento State,,151,,#StingersUp,#GreenLine,,Hornets,Scientia Sol Mentis Est,Stingers Up,Green Line,,1251,387,93,SAC,255,73,72,73,71,72,70,71,75,78,70,1235,1135,1210,SAC,138,138,SACST,SACST,15,,72,1743,1889
